Field Identifier,Category,Sub-Category,Field Name,Tooltip,Tooltip - view page (if different from upload page),Component,Options,Unit,Document-Support,Dependency,Show when value is,Mandatory Field
0,General,Master Data,Berichtspflicht und Einwilligung zur Veröffentlichung,Ist das Unternehmen berichtspflichtig im Rahmen der CSRD-Richtlinie bzw. ist es gemäß den Offenlegungspflichten der Artikel 19a und 29a der Richtilinie 2023/34/EU zur Nachhaltigkeitsberichtserstattung verpflichtet? Ist das Unternehmen außerdem mit einer Veröffentlichung des Datensatzes auf Dataland einverstanden? Anderenfalls ist eine Dateneineingabe nicht möglich.,,Yes/No,,,,,,Yes
1,General,Master Data,(Gültigkeits) Datum,Datum bis wann die Information gültig ist,,Date,,,,,,
2,Allgemein,Generelle ESG-Strategie,Nachhaltigkeitsstrategie vorhanden,Verfügt das Unternehmen über eine Nachhaltigkeitsstrategie?,,Yes/No,,,,0,Yes,
2.1,Allgemein,Generelle ESG-Strategie,Dokumente zur Nachhaltigkeitsstrategie,"Bitte hängen Sie Ihre Nachhaltigkeitsstrategie an. Nachhaltigkeit in diesem Sinne umfasst die Themen Umwelt (E), Soziales (S) und Unternehmensführung (G). Sie können mehrere Dokumente anhängen und pro Dokument eine Beschreibung angeben.",,Multiple Documents With Descriptions,,,,2,Yes,
3,Allgemein,Generelle ESG-Strategie,"Maßnahmen bezüglich 1,5 Grad Celsius Ziel vorhanden","Werden spezielle Ziele / Maßnahmen ergriffen, um das 1,5 °C Ziel zu erreichen?",,Yes/No,,,,2,Yes,
3.1,Allgemein,Generelle ESG-Strategie,"Beschreibung Maßnahmen bezüglich 1,5 Grad Celsius Ziel","Beschreiben Sie spezielle Ziele / Maßnahmen, um das 1,5°C Ziel zu erreichen.",,FreeText,,,,3,Yes,
3.1.1.1,Allgemein,Generelle ESG-Strategie,Zugewiesene Budgets bis 2030,Bezüglich der angegebenen Maßnahmen: Bitte die zugewiesenen Budgets bis zum Jahr 2030 angeben.,,Number,,Euro,,3,Yes,
3.1.1.2,Allgemein,Generelle ESG-Strategie,Zugewiesene Budgets ab 2031,Bezüglich der angegebenen Maßnahmen: Bitte die zugewiesenen Budgets ab dem Jahr 2031 angeben.,,Number,,Euro,,3,Yes,
3.1.2.1,Allgemein,Generelle ESG-Strategie,Erwarteter Finanzierungsbedarf bis 2030,Bezüglich der angegebenen Maßnahmen: Bitte den erwarteten Finanzierungsbedarf bis zum Jahr 2030 angeben.,,Number,,Euro,,3,Yes,
3.1.2.2,Allgemein,Generelle ESG-Strategie,Erwarteter Finanzierungsbedarf ab 2031,Bezüglich der angegebenen Maßnahmen: Bitte den erwarteten Finanzierungsbedarf ab dem Jahr 2031 angeben.,,Number,,Euro,,3,Yes,
3.1.3.1,Allgemein,Generelle ESG-Strategie,Geplante Vollzeitäquivalente bis 2023,Bezüglich der angegebenen Maßnahmen: Bitte die geplanten Vollzeitäquivalente bis zum Jahr 2030 angeben.,,Number,,FTEs,,3,Yes,
3.1.3.2,Allgemein,Generelle ESG-Strategie,Geplante Vollzeitäquivalente ab 2031,Bezüglich der angegebenen Maßnahmen: Bitte die geplanten Vollzeitäquivalente ab dem Jahr 2031 angeben.,,Number,,FTEs,,3,Yes,
4,Allgemein,Generelle ESG-Strategie,Chancen oder Hindernisse,Welche grundsätzlichen Chancen oder Hindernisse bestehen für das Unternehmen bei der Berücksichtigung von ESG-Belangen?,,FreeText,,,,0,Yes,
5,Allgemein,Taxonomie KPIs & bestimmte Aktivitäten,Wirtschaftszweige,In welchen Wirtschaftszweigen ist das Unternehmen primär aktiv? Bitte Angabe des primären NACE-Codes (4-stellig).,,NACE codes,,,,0,Yes,
6,Allgemein,Taxonomie KPIs & bestimmte Aktivitäten,Gesamtumsatz,Geben Sie den Gesamtumsatz des Unternehmens in € an.,,Number,,Euro,,0,Yes,
6.1,Allgemein,Taxonomie KPIs & bestimmte Aktivitäten,Taxonomiefähiger Umsatz,Geben Sie den taxonomiefähigen Teilbetrag des Gesamtumsatzes in € an.,,Number,,Euro,,0,Yes,
6.2,Allgemein,Taxonomie KPIs & bestimmte Aktivitäten,Taxonomiekonformer Umsatz,Geben Sie den taxonomiekonformen Teilbetrag des taxonomiefähigen Betrags in € an.,,Number,,Euro,,0,Yes,
7,Allgemein,Taxonomie KPIs & bestimmte Aktivitäten,Gesamt-CapEx,Geben Sie die CapEx des Unternehmens in € an.,,Number,,Euro,,0,Yes,
7.1,Allgemein,Taxonomie KPIs & bestimmte Aktivitäten,Taxonomiefähige CapEx,Geben Sie den taxonomiefähigen Teilbetrag der Gesamt-CapEx in € an.,,Number,,Euro,,0,Yes,
7.2,Allgemein,Taxonomie KPIs & bestimmte Aktivitäten,Taxonomiekonforme CapEx,Geben Sie den taxonomiekonformen Teilbetrag der taxonomiefähigen CapEx in € an.,,Number,,Euro,,0,Yes,
7.3,Allgemein,Taxonomie KPIs & bestimmte Aktivitäten,Taxonomiebezogene CapEx-Planung vorhanden,Hat das Unternehmen eine taxonomiebezogene CapEx-Planung? ,,Yes/No,,,,0,Yes,
7.4,Allgemein,Taxonomie KPIs & bestimmte Aktivitäten,Geplante taxonomiefähige CapEx in 5 Jahren,Welcher taxonomiefähige prozentuale Anteil an der Gesamt-CapEx wird im Rahmen der CapEx-Planung voraussichtlich in 5 Jahren erreicht werden? ,,Percentage,,,,7.3,Yes,
7.5,Allgemein,Taxonomie KPIs & bestimmte Aktivitäten,Geplante taxonomiekonforme CapEx in 5 Jahren,Welcher taxonomiekonforme prozentuale Anteil an der Gesamt-CapEx wird im Rahmen der CapEx-Planung voraussichtlich in 5 Jahren erreicht werden? ,,Percentage,,,,7.3,Yes,
8.1.1,Allgemein,Taxonomie KPIs & bestimmte Aktivitäten,Aktivität im Sektor Fossile Brennstoffe,"Ist das Unternehmen im Sektor ""Fossile Brennstoffe (Kohle, Gas, Öl)"" aktiv?",,Yes/No,,,,0,Yes,
8.1.2,Allgemein,Taxonomie KPIs & bestimmte Aktivitäten,"Aktueller prozentualer Umsatzanteil im Sektor ""Fossile Brennstoffe""","Welcher prozentuale Anteil am Gesamtumsatz ist auf den Sektor ""Fossile Brennstoffe (Kohle, Gas, Öl)"" zurückzuführen?",,Percentage,,,,8.1.1,Yes,
8.1.3,Allgemein,Taxonomie KPIs & bestimmte Aktivitäten,"Geplanter prozentualer Umsatzanteil im Sektor ""Fossile Brennstoffe"" in 2030","Welcher prozentuale Anteil am Gesamtumsatz wird im Jahr 2030 voraussichtlich auf den Sektor ""Fossile Brennstoffe (Kohle, Gas, Öl)"" zurückzuführen sein?",,Percentage,,,,8.1.1,Yes,
8.1.4,Allgemein,Taxonomie KPIs & bestimmte Aktivitäten,"Geplanter prozentualer Umsatzanteil im Sektor ""Fossile Brennstoffe"" in 2040","Welcher prozentuale Anteil am Gesamtumsatz wird im Jahr 2040 voraussichtlich auf den Sektor ""Fossile Brennstoffe (Kohle, Gas, Öl)"" zurückzuführen sein?",,Percentage,,,,8.1.1,Yes,
8.2.1,Allgemein,Taxonomie KPIs & bestimmte Aktivitäten,"Aktivität im Sektor ""Herstellung von Chemikalien""","Ist das Unternehmen im Sektor ""Herstellung von Chemikalien"" aktiv?",,Yes/No,,,,0,Yes,
8.2.2,Allgemein,Taxonomie KPIs & bestimmte Aktivitäten,"Aktueller prozentualer Umsatzanteil im Sektor ""Herstellung von Chemikalien""","Welcher prozentuale Anteil am Gesamtumsatz ist auf den Sektor ""Herstellung von Chemikalien"" zurückzuführen?",,Percentage,,,,8.2.1,Yes,
8.2.3,Allgemein,Taxonomie KPIs & bestimmte Aktivitäten,"Geplanter prozentualer Umsatzanteil im Sektor ""Herstellung von Chemikalien"" in 2030","Welcher prozentuale Anteil am Gesamtumsatz wird im Jahr 2030 voraussichtlich auf den Sektor ""Herstellung von Chemikalien"" zurückzuführen sein?",,Percentage,,,,8.2.1,Yes,
8.2.4,Allgemein,Taxonomie KPIs & bestimmte Aktivitäten,"Geplanter prozentualer Umsatzanteil im Sektor ""Herstellung von Chemikalien"" in 2040","Welcher prozentuale Anteil am Gesamtumsatz wird im Jahr 2040 voraussichtlich auf den Sektor ""Herstellung von Chemikalien"" zurückzuführen sein?",,Percentage,,,,8.2.1,Yes,
8.3.1,Allgemein,Taxonomie KPIs & bestimmte Aktivitäten,"Aktivität im Sektor ""Umstrittene Waffen""","Ist das Unternehmen im Sektor ""Umstrittene Waffen"" aktiv?",,Yes/No,,,,0,Yes,
8.3.2,Allgemein,Taxonomie KPIs & bestimmte Aktivitäten,"Aktueller prozentualer Umsatzanteil im Sektor ""Umstrittene Waffen""","Welcher prozentuale Anteil am Gesamtumsatz ist auf den Sektor ""Umstrittene Waffen"" zurückzuführen?",,Percentage,,,,8.3.1,Yes,
8.3.3,Allgemein,Taxonomie KPIs & bestimmte Aktivitäten,"Geplanter prozentualer Umsatzanteil im Sektor ""Umstrittene Waffen"" in 2030","Welcher prozentuale Anteil am Gesamtumsatz wird im Jahr 2030 voraussichtlich auf den Sektor ""Umstrittene Waffen"" zurückzuführen sein?",,Percentage,,,,8.3.1,Yes,
8.3.4,Allgemein,Taxonomie KPIs & bestimmte Aktivitäten,"Geplanter prozentualer Umsatzanteil im Sektor ""Umstrittene Waffen"" in 2040","Welcher prozentuale Anteil am Gesamtumsatz wird im Jahr 2040 voraussichtlich auf den Sektor ""Umstrittene Waffen"" zurückzuführen sein?",,Percentage,,,,8.3.1,Yes,
4.2,Allgemein,ESG Berichte,Aktuelle Berichte,Bitte teilen Sie die letzten Berichte mit uns (vorzugsweise die letzten drei).,Letzten ESG Berichte,Multiple Documents With Descriptions,,,,4,Yes,
555,Allgemein,Akkreditierungen,ISO 14001,Haben Sie eine ISO 14001 Akkreditierung? Bitte teilen Sie das entsprechende Zertifikat mit uns.,Hat das Unternehmen eine ISO 14001-Akkreditierung?,Yes/No,,,Simple,0,Yes,
666,Allgemein,Akkreditierungen,ISO 45001,Haben Sie eine ISO 45001 Akkreditierung? Bitte teilen Sie das entsprechende Zertifikat mit uns.,Hat das Unternehmen eine ISO 45001-Akkreditierung?,Yes/No,,,Simple,0,Yes,
777,Allgemein,Akkreditierungen,ISO 27001,Haben Sie eine ISO 27001 Akkreditierung? Bitte teilen Sie das entsprechende Zertifikat mit uns.,Hat das Unternehmen eine ISO 27001-Akkreditierung?,Yes/No,,,Simple,0,Yes,
888,Allgemein,Akkreditierungen,ISO 50001,Haben Sie eine ISO 50001 Akkreditierung? Bitte teilen Sie das entsprechende Zertifikat mit uns.,Hat das Unternehmen eine ISO 50001-Akkreditierung?,Yes/No,,,Simple,0,Yes,
999,Allgemein,Akkreditierungen,Weitere Akkreditierungen,"Bitte führen Sie weitere Akkreditierungen auf, sofern diese nicht bereits gelistet sind, und teilen Sie entsprechende Zertifikate mit uns.",Weitere Akkreditierungen,Multiple Documents With Descriptions,,,,0,Yes,
10.1,Allgemein,UN Global Concept Prinzipien,Mechanismen zur Überwachung der Einhaltung der UNGCP,"Verfügt das Unternehmen über Prozesse und Compliance-Mechanismen, um die Einhaltung der Prinzipien des UN Global Compact zu überwachen?",,Yes/No,,,,0,Yes,
10.1.1,Allgemein,UN Global Concept Prinzipien,Richtlinien zur Einhaltung der UNGCP,"Bitte teilen Sie die Richtlinien mit uns die beschreiben oder Informationen darüber liefern, wie das Unternehmen die Einhaltung der UN Global Compact Prinzipien überwacht.","Richtlinien die beschreiben oder Informationen darüber liefern, wie das Unternehmen die Einhaltung der UN Global Compact Prinzipien überwacht.",Multiple Documents With Descriptions,,,,10.1,Yes,
10.1.1.1,Allgemein,UN Global Concept Prinzipien,Erklärung der Einhaltung der UNGCP,"Bitte geben Sie eine Erklärung ab, dass keine Verstöße gegen diese Grundsätze vorliegen.","Erklärung, dass keine Verstöße gegen diese Grundsätze vorliegen",FreeText,,,,10.1,Yes,
10.2,Allgemein,OECD Leitsätze,Mechanismen zur Überwachung der Einhaltung der OECD-Leitsätze,"Verfügt das Unternehmen über Prozesse und Compliance-Mechanismen, um die Einhaltung der OECD-Leitsätze für multinationale Unternehmen (OECD MNE Guidelines) zu überwachen?",,Yes/No,,,,0,Yes,
10.2.1,Allgemein,OECD Leitsätze,Richtlinien zur Einhaltung der OECD-Leitsätze,"Bitte teilen Sie die Richtlinien mit uns die beschreiben oder Informationen darüber liefern, wie das Unternehmen die Einhaltung der OECD-Leitsätze überwacht.","Richtlinien die beschreiben oder Informationen darüber liefern, wie das Unternehmen die Einhaltung der OECD-Leitsätze überwacht",Multiple Documents With Descriptions,,,,10.2,Yes,
10.2.1.1,Allgemein,OECD Leitsätze,Erklärung der Einhaltung der OECD-Leitsätze,"Bitte geben Sie eine Erklärung ab, dass keine Verstöße gegen diese Grundsätze vorliegen.","Erklärung, dass keine Verstöße gegen diese Grundsätze vorliegen",FreeText,,,,10.2,Yes,
11,Allgemein,Sonstige,Ausrichtung auf die UN SDGs und aktives Verfolgen,"Wie steht das Unternehmen in Einklang mit den 17 UN-Zielen für nachhaltige Entwicklung? Welche dieser Ziele verfolgt das Unternehmen aktiv, entweder durch ihre Geschäftstätigkeit oder durch die Unternehmensführung?",,FreeText,,,,0,Yes,
12,Allgemein,Sonstige,Ausschlusslisten auf Basis von ESG Kriterien,"Führt das Unternehmen Ausschlusslisten? Von besonderem Interesse sind Listen die Ausschlusskriterien, die einen Bezug zu den Bereichen E, S oder G haben.",,Yes/No,,,,0,Yes,
12.1,Allgemein,Sonstige,Ausschlusslisten,Bitte nennen Sie die Ausschlusslisten auf Basis von ESG Kriterien.,Ausschlusslisten auf Basis von ESG Kriterien,FreeText,,,,12,Yes,
13,Allgemein,Führungsstandards,Ökologische/soziale Führungsstandards oder -prinzipien,Hat sich das Unternehmen zu ökologischen/sozialen Führungsstandards oder Prinzipien verpflichtet?,,Yes/No,,,,0,Yes,
13.1,Allgemein,Führungsstandards,Anreizmechanismen für das Management (Umwelt),Wie spiegeln sich die Anreizmechanismen für den Bereich Umwelt in der jährlichen Zielsetzung für das Management wieder? Bitte geben Sie die aktuellen Verpflichtungen an.,Wie spiegeln sich die Anreizmechanismen für den Bereich Umwelt in der jährlichen Zielsetzung für das Management wieder?,Single-Select Dropdown,"Nein| Ja, Aufsichtsrat| Ja, Geschäftsleitung| Ja, Aufsichtsrat und Geschäftsleitung",,,13,Yes,
13.2,Allgemein,Führungsstandards,Anreizmechanismen für das Management (Soziales),Wie spiegeln sich die Anreizmechanismen für den Bereich Soziales in der jährlichen Zielsetzung für das Management wieder? Bitte geben Sie die aktuellen Verpflichtungen an.,Wie spiegeln sich die Anreizmechanismen für den Bereich Soziales in der jährlichen Zielsetzung für das Management wieder?,Single-Select Dropdown,"Nein| Ja, Aufsichtsrat| Ja, Geschäftsleitung| Ja, Aufsichtsrat und Geschäftsleitung",,,13,Yes,
14,Allgemein,Rechtsstreitigkeiten,ESG-bezogene Rechtsstreitigkeiten,Ist das Unternehmen in laufende bzw. war das Unternehmen in den letzten 3 Jahren in abgeschlossenen Rechtsstreitigkeiten im Zusammenhang mit ESG involviert?,,Yes/No,,,,0,Yes,
14.1,Allgemein,Rechtsstreitigkeiten,Rechtsstreitigkeiten mit Bezug zu E,"Haben bzw. hatten die Rechtsstreitigkeiten Bezug zu ""E""",,Yes/No,,,,14,Yes,
14.1.1,Allgemein,Rechtsstreitigkeiten,Status zu E,"Sind die Rechtsstreitigkeiten mit Bezug zu ""E"" noch offen oder bereits geklärt?",,Single-Select Dropdown,offen| geklärt,,,14.1,Yes,
14.1.2,Allgemein,Rechtsstreitigkeiten,Einzelheiten zu den Rechtsstreitigkeiten zu E,Bitte erläutern Sie Einzelheiten zu den Rechtsstreitigkeiten.,Einzelheiten zu den Rechtsstreitigkeiten.,FreeText,,,,14.1,Yes,
14.2,Allgemein,Rechtsstreitigkeiten,Rechtsstreitigkeiten mit Bezug zu S,"Haben bzw. hatten die Rechtsstreitigkeiten Bezug zu ""S""",,Yes/No,,,,14,Yes,
14.2.1,Allgemein,Rechtsstreitigkeiten,Status zu S,"Sind die Rechtsstreitigkeiten mit Bezug zu ""S"" noch offen oder bereits geklärt?",,Single-Select Dropdown,offen| geklärt,,,14.2,Yes,
14.2.2,Allgemein,Rechtsstreitigkeiten,Einzelheiten zu den Rechtsstreitigkeiten zu S,Bitte erläutern Sie Einzelheiten zu den Rechtsstreitigkeiten.,Einzelheiten zu den Rechtsstreitigkeiten.,FreeText,,,,14.2,Yes,
14.3,Allgemein,Rechtsstreitigkeiten,Rechtsstreitigkeiten mit Bezug zu G,"Haben bzw. hatten die Rechtsstreitigkeiten Bezug zu ""G""",,Yes/No,,,,14,Yes,
14.3.1,Allgemein,Rechtsstreitigkeiten,Status zu G,"Sind die Rechtsstreitigkeiten mit Bezug zu ""G"" noch offen oder bereits geklärt?",,Single-Select Dropdown,offen| geklärt,,,14.3,Yes,
14.3.2,Allgemein,Rechtsstreitigkeiten,Einzelheiten zu den Rechtsstreitigkeiten zu G,Bitte erläutern Sie Einzelheiten zu den Rechtsstreitigkeiten.,Einzelheiten zu den Rechtsstreitigkeiten.,FreeText,,,,14.3,Yes,
15,Allgemein,Rating,ESG-Rating,Hat das Unternehmen bereits ein ESG-Rating einer anerkannten Ratingagentur?,,Yes/No,,,,0,Yes,
15.1,Allgemein,Rating,Agentur,Welche Rating Agentur hat das Rating durchgeführt?,,String,,,,15,Yes,
15.2,Allgemein,Rating,Ergebnis,Wie lautet das Rating?,,String,,,,15,Yes,
15.3,Allgemein,Rating,Ratingbericht,Liegt ein Ratingbericht vor?,,Yes/No,,,Simple,15,Yes,
15.4,Allgemein,Rating,Kritische Punkte,Was waren die kritischen Punkte beim ESG-Rating?,,FreeText,,,,15,Yes,
16.1,Allgemein,Anleihen,"Grüne, soziale und/oder nachhaltige Emissionen","Hat das Unternehmen „grüne“, „soziale“ und/oder „nachhaltige“ Schuldtitel begeben?",,Yes/No,,,,0,Yes,
16.1.1,Allgemein,Anleihen,"Ausstehende grüne, soziale und/oder nachhaltige Emissionen",Bitte geben Sie Details zu den ausstehenden Emissionen für das letzte Jahr der Berichterstattung an (in Mio €).,Details zu den ausstehenden Emissionen für das letzte Jahr der Berichterstattung (in Mio €),Number,,,,16.1,Yes,
16.2,Allgemein,Anleihen,Sustainibility Linked Debt,Hat das Unternehmen Sustainability Linked Debt („SLD“) emittiert?,,Yes/No,,,,0,Yes,
16.2.1,Allgemein,Anleihen,Ausstehende Sustainibility Linked Debt,Bitte geben Sie Details zu den ausstehenden Emissionen für das letzte Jahr der Berichterstattung an (in Mio €).,Details zu den ausstehenden Emissionen für das letzte Jahr der Berichterstattung (in Mio €).,Number,,,,16.2,Yes,
17,Allgemein,Risiken,"Wichtigste E-, S- und G-Risiken und Bewertung","Welche sind die wichtigsten von der Gruppe identifizierten E-, S- und G-Risiken? Bitte geben Sie die Details / Bewertung der identifizierten Risiken an.","Welche sind die wichtigsten von der Gruppe identifizierten E-, S- und G-Risiken?",FreeText,,,,0,Yes,
18,Allgemein,Risiken,Hindernisse beim Umgang mit ESG-Bedenken,Welche grundsätzlichen Hindernisse bestehen für das Unternehmen bei der Berücksichtigung von ESG-Belangen?,,FreeText,,,,0,Yes,
19,Umwelt,Treibhausgasemissionen,Treibhausgas-Berichterstattung und Prognosen,"Welche Treibhausgasinformationen werden derzeit auf Unternehmens-/Konzernebene berichtet und prognostiziert? Bitte geben Sie die Scope 1, Scope 2 und Scope 3 Emissionen für das aktuelle Kalenderjahr, die letzten drei Jahre sowie die Prognosen für die kommenden drei Jahre an (in tCO2-Äquiv.).","Welche Treibhausgasinformationen werden derzeit auf Unternehmens-/Konzernebene berichtet und prognostiziert? Scope 1, Scope 2 und Scope 3 Emissionen für das aktuelle Kalenderjahr, die letzten drei Jahre sowie die Prognosen für die kommenden drei Jahre (in tCO2-Äquiv.)",Custom - Rolling Window,,,,0,Yes,
20,Umwelt,Treibhausgasemissionen,"Treibhausgas-Emissionsintensität der Unternehmen, in die investiert wird","THG-Emissionsintensität der Unternehmen, in die investiert wird. (1) Scope 1 + Scope 2 Treibhausgasemissionen / Umsatz in Millionen EUR, (2) Scope 1 + Scope 2 Treibhausgasemissionen / Unternehmensgröße in Mio. EUR",,FreeText,,,,0,Yes,
21,Umwelt,Treibhausgasemissionen,Strategie und Ziele zur Reduzierung von Treibhausgas-Emissionen,"Welchen Entwicklungspfad bzgl. der (Reduktion von) Treibhausgasemissionen verfolgt das Unternehmen. Gibt es einen Zeitplan bzw. konkrete Ziele? Und wie plant das Unternehmen, diesen Kurs zu erreichen? Bitte erläutern Sie, in welchem Bezug dieser Entwicklungspfad zu dem auf dem Pariser Abkommen basierenden Kurs steht.","Welchen Entwicklungspfad bzgl. der (Reduktion von) Treibhausgasemissionen verfolgt das Unternehmen. Gibt es einen Zeitplan bzw. konkrete Ziele? Wie plant das Unternehmen, diesen Kurs zu erreichen?",FreeText,,,,0,Yes,
22,Umwelt,Produktion,Produkte zur Verringerung der Umweltbelastung,"Entwickelt, produziert oder vertreibt das Unternehmen Produkte, die die Umweltbelastung verringern?",,Yes/No,,,,0,Yes,
22.1,Umwelt,Produktion,Verringerungen der Umweltbelastung,"Bitte beschreiben Sie möglichst genau, wie die Produkte die Umweltbelastung reduzieren.","Die Art und Weise, wie die Produkte die Umweltbelastung reduzieren",FreeText,,,,22,Yes,
23,Umwelt,Produktion,Ökologischer Mindest-Standard für Produktionsprozesse,"Verfügt das Unternehmen über interne Richtlinien, die einen Mindestumweltstandard im Produktionsprozess sicherstellen?",,Yes/No,,,,0,Yes,
24,Umwelt,Energieverbrauch,Berichterstattung Energieverbrauch,"Bitte geben Sie den Energieverbrauch (in GWh), sowie den Verbrauch erneuerbaren Energien (%) und, falls zutreffend, die Erzeugung erneuerbaren Energien (%) für das aktuelle Kalenderjahr, die letzten drei Jahre sowie die Prognosen für die kommenden drei Jahre an.","Energieverbrauch (in GWh), sowie den Verbrauch erneuerbaren Energien (%) und, falls zutreffend, die Erzeugung erneuerbaren Energien (%) für das aktuelle Kalenderjahr, die letzten drei Jahre sowie die Prognosen für die kommenden drei Jahre",Custom - Rolling Window,,,,0,Yes,
25,Umwelt,Energieverbrauch,Unternehmens/Gruppen Strategie bzgl Energieverbrauch,Bitte erläutern Sie den von der Gruppe/Unternehmen definierte Entwicklungspfad (Zeitplan und Ziel - falls vorhanden) und wie das Unternehmen den geplanten Entwicklungspfad erreichen möchte.,Der von der Gruppe/Unternehmen definierte Entwicklungspfad (Zeitplan und Ziel - falls vorhanden) und wie das Unternehmen den geplanten Entwicklungspfad erreichen möchte.,FreeText,,,,0,Yes,
26,Umwelt,Energieeffizienz Immobilienanlagen,Berichterstattung Energieverbrauch von Immobilienvermögen,"Bitte geben Sie den Anteil an energieeffizienten Immobilienanlagen (%) für das aktuelle Kalenderjahr, die letzten drei Jahre sowie die Prognosen für die kommenden drei Jahre an.","Anteil an energieeffizienten Immobilienanlagen (%) für das aktuelle Kalenderjahr, die letzten drei Jahre sowie die Prognosen für die kommenden drei Jahre",Custom - Rolling Window,,,,0,Yes,
27,Umwelt,Energieeffizienz Immobilienanlagen,Unternehmens/Gruppen Strategie bzgl energieeffizienten Immobilienanlagen,Bitte erläutern Sie den von der Gruppe/Unternehmen definierte Entwicklungspfad (Zeitplan und Ziel - falls vorhanden) und wie das Unternehmen den geplanten Entwicklungspfad erreichen möchte.,Der von der Gruppe/Unternehmen definierte Entwicklungspfad (Zeitplan und Ziel - falls vorhanden) und wie das Unternehmen den geplanten Entwicklungspfad erreichen möchte.,FreeText,,,,0,Yes,
28,Umwelt,Wasserverbrauch,Berichterstattung Wasserverbrauch,"Bitte geben Sie den Wasserverbrauch (in l), sowie die Emissionen in Wasser (in Tonnen) für das aktuelle Kalenderjahr, die letzten drei Jahre sowie die Prognosen für die kommenden drei Jahre an.","Wasserverbrauch (in l), sowie die Emissionen in Wasser (in Tonnen) für das aktuelle Kalenderjahr, die letzten drei Jahre sowie die Prognosen für die kommenden drei Jahre",Custom - Rolling Window,,,,0,Yes,
29,Umwelt,Wasserverbrauch,Unternehmens/Gruppen Strategie bzgl Wasserverbrauch,Bitte erläutern Sie den von der Gruppe/Unternehmen definierte Entwicklungspfad (Zeitplan und Ziel - falls vorhanden) und wie das Unternehmen den geplanten Entwicklungspfad erreichen möchte.,Der von der Gruppe/Unternehmen definierte Entwicklungspfad (Zeitplan und Ziel - falls vorhanden) und wie das Unternehmen den geplanten Entwicklungspfad erreichen möchte.,FreeText,,,,0,Yes,
30,Umwelt,Abfallproduktion,Berichterstattung Abfallproduktion,"Bitte geben Sie die gesamte Abfallmenge (in Tonnen), sowie den Anteil (%) der gesamten Abfallmenge, der recyclet wird, sowie den Anteil (%) gefährlicher Abfall der gesamten Abfallmenge für das aktuelle Kalenderjahr, die letzten drei Jahre sowie die Prognosen für die kommenden drei Jahre an.","Gesamte Abfallmenge (in Tonnen), sowie den Anteil (%) der gesamten Abfallmenge, der recyclet wird, sowie den Anteil (%) gefährlicher Abfall der gesamten Abfallmenge für das aktuelle Kalenderjahr, die letzten drei Jahre sowie die Prognosen für die kommenden drei Jahre",Custom - Rolling Window,,,,0,Yes,
31,Umwelt,Abfallproduktion,Unternehmens/Gruppen Strategie bzgl Abfallproduktion,Bitte erläutern Sie den von der Gruppe/Unternehmen definierte Entwicklungspfad (Zeitplan und Ziel - falls vorhanden) und wie das Unternehmen den geplanten Entwicklungspfad erreichen möchte.,Der von der Gruppe/Unternehmen definierte Entwicklungspfad (Zeitplan und Ziel - falls vorhanden) und wie das Unternehmen den geplanten Entwicklungspfad erreichen möchte.,FreeText,,,,0,Yes,
32,Umwelt,Abfallproduktion,Recycling im Produktionsprozess,"Bitte geben Sie an, wie hoch der Anteil an Recyclaten (bereits recyceltes wiederverwertetes Material) im Produktionsprozess für das aktuelle Kalenderjahr, die letzten drei Jahre sowie die Prognosen für die kommenden drei Jahre ist.","Anteil an Recyclaten (bereits recyceltes wiederverwertetes Material) im Produktionsprozess für das aktuelle Kalenderjahr, die letzten drei Jahre sowie die Prognosen für die kommenden drei Jahre",Custom - Rolling Window,,,,0,Yes,
33,Umwelt,Abfallproduktion,Gefährlicher Abfall,"Wie wird in dem Unternehmen während der Produktion und Verarbeitung mit gefährlichen Abfällen (brennbar, reaktiv, giftig, radioaktiv) umgegangen?",,FreeText,,,,0,Yes,
34,Umwelt,Biodiversität,Negative Aktivitäten für die biologische Vielfalt,"Hat das Unternehmen Standorte / Betriebe in oder in der Nähe von biodiversitätssensiblen Gebieten, in denen sich die Aktivitäten des Unternehmens negativ auf diese Gebiete auswirken?",,Yes/No,,,,0,Yes,
34.1,Umwelt,Biodiversität,Negative Maßnahmen für die biologische Vielfalt,"Bitte erläutern Sie Aktivitäten, die sich negativ auf die Biodiversität auswirken. Teilen Sie bitte auch den von der Gruppe/Unternehmen definierte Entwicklungspfad für den Umgang mit diesen Maßnahmen (Zeitplan und Ziel - falls vorhanden) mit uns und wie das Unternehmen den geplanten Entwicklungspfad erreichen möchte.","Aktivitäten, die sich negativ auf die Biodiversität auswirken, und der von der Gruppe/Unternehmen definierte Entwicklungspfad für den Umgang mit diesen Maßnahmen (Zeitplan und Ziel - falls vorhanden) und wie das Unternehmen den geplanten Entwicklungspfad erreichen möchte.",FreeText,,,,34,Yes,
35,Umwelt,Biodiversität,Positive Aktivitäten für die biologische Vielfalt,"Hat das Unternehmen Standorte / Betriebe in oder in der Nähe von biodiversitätssensiblen Gebieten, in denen sich die Aktivitäten des Unternehmens positiv auf diese Gebiete auswirken?",,Yes/No,,,,0,Yes,
35.1,Umwelt,Biodiversität,Positive Maßnahmen für die biologische Vielfalt,"Bitte erläutern Sie Aktivitäten, die sich positiv auf die Biodiversität auswirken. Teilen Sie bitte auch den von der Gruppe/Unternehmen definierte Entwicklungspfad für die Weiterentwicklung dieser Maßnahmen (Zeitplan und Ziel - falls vorhanden) mit uns und wie das Unternehmen den geplanten Entwicklungspfad erreichen möchte.","Aktivitäten, die sich positiv auf die Biodiversität auswirken, und der von der Gruppe/Unternehmen definierte Entwicklungspfad für die Weiterentwicklung dieser Maßnahmen (Zeitplan und Ziel - falls vorhanden) und wie das Unternehmen den geplanten Entwicklungspfad erreichen möchte.",FreeText,,,,35,Yes,
36,Umwelt,Fossile Brennstoffe,Einnahmen aus fossilen Brennstoffen,"Erzielt das Unternehmen einen Teil seiner Einnahmen aus Aktivitäten im Bereich fossiler Brennstoffe und/oder besitzt das Unternehmen Immobilien, die an der Gewinnung, Lagerung, dem Transport oder der Herstellung fossiler Brennstoffe beteiligt sind?",,Yes/No,,,,0,Yes,
36.1,Umwelt,Fossile Brennstoffe,Berichterstattung Einnahmen aus fossilen Brennstoffen,"Bitte geben Sie den Anteil (%) der Einnahmen aus fossilen Brennstoffen aus den gesamten Einnahmen für das aktuelle Kalenderjahr, die letzten drei Jahre sowie die Prognosen für die kommenden drei Jahre an.","Anteil (%) der Einnahmen aus fossilen Brennstoffen aus den gesamten Einnahmen für das aktuelle Kalenderjahr, die letzten drei Jahre sowie die Prognosen für die kommenden drei Jahre",Custom - Rolling Window,,,,36,Yes,
37,Umwelt,Taxonomie,Taxonomie Berichterstattung,Wird der EU-Taxonomie Bericht auf Basis NFRD oder auf Basis CSRD erstellt?,,Single-Select Dropdown,NFRD| CSRD,,,0,Yes,
38,Umwelt,Taxonomie,EU Taxonomie Kompass Aktivitäten,Welche Aktivitäten gem. dem EU Taxonomie-Kompass übt das Unternehmen aus?,,Custom - Multi-Select with EuTaxoActivites,,,,0,Yes,
39,Umwelt,Taxonomie,Umsatz/Investitionsaufwand für nachhaltige Aktivitäten,"Wie hoch ist der Umsatz/Investitionsaufwand des Unternehmens aus nachhaltigen Aktivitäten (Mio. €) gemäß einer Definition der EU-Taxonomie? Bitte machen Sie Angaben zu den betrachteten Sektoren und gegebenenfalls zu den Annahmen bzgl. Taxonomie-konformen (aligned) Aktivitäten für das aktuelle Kalenderjahr, die letzten drei Jahre sowie die Prognosen für die kommenden drei Jahre an.",Wie hoch ist der Umsatz/Investitionsaufwand des Unternehmens aus nachhaltigen Aktivitäten (Mio. €) gemäß einer Definition der EU-Taxonomie?,Custom - Rolling Window,,,,0,Yes,
40,Soziales,Unternehmensstrukturänderungen,Vorhandensein kürzlicher Änderungen der Unternehmensstruktur,"Gab es kürzlich eine Veränderung im Unternehmen / in der Gruppe (Umstrukturierung, Verkauf oder Übernahme)?",,Yes/No,,,,0,Yes,
40.1,Soziales,Unternehmensstrukturänderungen,Anzahl unbefristeter Verträge in Deutschland,Bitte teilen Sie mit uns wieviele unbefristete Verträge es insgesamt in Deutschland gibt.,Gesamtzahl der unbefristeten Verträge in Deutschland,Integer,,,,40,Yes,
40.1.1,Soziales,Unternehmensstrukturänderungen,Anzahl der von einem Verkauf betroffenen unbefristeten Verträge in Deutschland ,Bitte teilen Sie mit uns wieviele unbefristete Verträge in Deutschland von einem etwaigen Verkauf betroffen waren.,"Anzahl der unbefristeten Verträge in Deutschland, die von einem etwaigen Verkauf betroffen waren",Integer,,,,40,Yes,
40.1.2,Soziales,Unternehmensstrukturänderungen,Anzahl der von einer Akquisition betroffenen unbefristeten Verträge in Deutschland ,Bitte teilen Sie mit uns wieviele unbefristete Verträge in Deutschland von einer etwaigen Akquisition betroffen waren.,"Anzahl der unbefristeten Verträge in Deutschland, die von einer etwaigen Akquisition betroffen waren",Integer,,,,40,Yes,
40.2,Soziales,Unternehmensstrukturänderungen,Anzahl unbefristeter Verträge in der Gesamtgruppe,Bitte teilen Sie mit uns wieviele unbefristete Verträge es insgesamt in der Gesamtgruppe gibt.,Gesamtzahl der unbefristeten Verträge in der Gesamtgruppe,Integer,,,,40,Yes,
40.2.1,Soziales,Unternehmensstrukturänderungen,Anzahl der von einem Verkauf betroffenen unbefristeten Verträge in der Gesamtgruppe,Bitte teilen Sie mit uns wieviele unbefristete Verträge in der Gesamtgruppe von einem etwaigen Verkauf betroffen waren.,"Anzahl der unbefristeten Verträge in der Gesamtgruppe, die von einem etwaigen Verkauf betroffen waren",Integer,,,,40,Yes,
40.2.2,Soziales,Unternehmensstrukturänderungen,Anzahl der von einer Akquisition betroffenen unbefristeten Verträge in der Gesamtgruppe,Bitte teilen Sie mit uns wieviele unbefristete Verträge in der Gesamtgruppe von einer etwaigen Akquisition betroffen waren.,"Anzahl der unbefristeten Verträge in der Gesamtgruppe, die von einer etwaigen Akquisition betroffen waren",Integer,,,,40,Yes,
40.3,Soziales,Unternehmensstrukturänderungen,Auswirkungen auf Anteil befrister Verträge und Fluktuation,Bitte geben Sie die Anzahl der befristeten Verträge sowie die Fluktuation (%) für die letzten drei Jahre an.,Anzahl der befristeten Verträge und Fluktuation (%) in den letzten drei Jahren,Custom - Rolling Window (past-only),,,,40,Yes,
41,Soziales,Sicherheit und Weiterbildung,Sicherheitsmaßnahmen für Mitarbeiter,"Welche Maßnahmen werden ergriffen, um die Gesundheit und Sicherheit der Mitarbeiter des Unternehmens zu verbessern?",,FreeText,,,,0,Yes,
42,Soziales,Sicherheit und Weiterbildung,Unfallrate,Wie hoch war die Häufigkeitsrate von Arbeitsunfällen mit Zeitverlust für die letzten drei Jahre?,,Custom - Rolling Window (past-only),,,,0,Yes,
43,Soziales,Sicherheit und Weiterbildung,Budget für Schulung/Ausbildung,"Bitte geben Sie an wie hoch das Budget ist, das pro Mitarbeiter und Jahr für Schulungen/Fortbildungen in den letzten drei Jahren ausgegeben wurde.","Budget, das pro Mitarbeiter und Jahr für Schulungen/Fortbildungen in den letzten drei Jahren ausgegeben wurde",Custom - Rolling Window (past-only),,,,0,Yes,
44,Soziales,Einkommensgleichheit,Überwachung der Einkommensungleichheit,"Bitte geben Sie das unbereinigte geschlechtsspezifische Lohngefälle, das Einkommensungleichheitsverhältnis, sowie das CEO-Einkommensungleichheitsverhältnis für die letzten drei Jahre an.","Unbereinigte geschlechtsspezifische Lohngefälle, Einkommensungleichheitsverhältnis, und CEO-Einkommensungleichheitsverhältnis für die letzten drei Jahre",Custom - Rolling Window (past-only),,,,0,Yes,
45,Soziales,Einkommensgleichheit,Maßnahmen zur Verbesserung der Einkommensungleichheit,"Wie überwacht das Unternehmen die Einkommens(un)gleichheit und welche Maßnahmen wurden ergriffen, um die Einkommensungleichheit abzustellen?",,FreeText,,,,0,Yes,
46.1,Soziales,Geschlechterdiversität,Mitarbeiter auf Top-Management Ebene,Geben Sie bitte an wieviele Personen eine Top-Management Position innehaben.,"Anzahl der Personen, die eine Top-Management-Position innehaben.",Integer,,,,0,Yes,
46.2,Soziales,Geschlechterdiversität,Frauen auf Top-Management-Ebene,Geben Sie bitte an wieviele Frauen eine Top-Management Position innehaben.,Anzahl der Frauen in einer Top-Management Position,Integer,,,,0,Yes,
47.1,Soziales,Geschlechterdiversität,Mitglieder Geschäftsführung,Geben Sie bitte an wieviele Mitglieder die Geschäftsführung hat.,Anzahl der Mitglieder der Geschäftsführung,Integer,,,,0,Yes,
47.2,Soziales,Geschlechterdiversität,Frauen in der Geschäftsführung,Geben Sie bitte an wieviele Frauen in der Geschäftsführung sind.,Anzahl der Frauen in der Geschäftsführung,Integer,,,,0,Yes,
48,Soziales,Geschlechterdiversität,Definition Top-Management,"Bitte geben Sie Ihre Definition von ""Top-Management"".","Definition von ""Top-Management""",FreeText,,,,0,Yes,
49,Soziales,Geschlechterdiversität,Einhaltung rechtlicher Vorgaben,"Welche Maßnahmen wurden ergriffen, um das geltende Recht in Bezug auf die Geschlechterdiversität von Exekutivinstanzen einzuhalten?",,FreeText,,,,0,Yes,
50,Soziales,Audit,Audits zur Einhaltung von Arbeitsstandards,"Führt das Unternehmen interne oder externe Audits durch, um die Einhaltung der Arbeitsnormen durch das Unternehmen zu bewerten?",,Yes/No,,,,0,Yes,
50.1,Soziales,Audit,Art des Audits,Wie werden die Audits zur Einhaltung von Arbeitsstandards durchgeführt?,,Single-Select Dropdown,Interne Anhörung| Prüfung durch Dritte| Sowohl intern als auch von Drittanbietern,,,50,Yes,
50.2,Soziales,Audit,Audit Ergebnisse,Bitte geben Sie Informationen über das letzte Audit an.,Informationen über das letzte Audit,FreeText,,,,50,Yes,
51,Unternehmensführung/ Governance,Aufsichtsrat,Anzahl der Mitglieder im Aufsichtsrat,Wieviele Mitglieder hat der Aufsichtsrat?,,Integer,,,,0,Yes,
51.1,Unternehmensführung/ Governance,Aufsichtsrat,Anzahl unabhängiger Mitglieder im Aufsichtsrat,Wieviele unabhängige Mitglieder hat der Aufsichtsrat?,,Integer,,,,0,Yes,
51.2,Unternehmensführung/ Governance,Aufsichtsrat,Anzahl von Frauen im Aufsichtsrat,Wieviele Frauen sind im Aufsichtsrat?,,Integer,,,,0,Yes,
52,Unternehmensführung/ Governance,Vergütungsausschuss,Anzahl der Mitglieder im Vergütungsausschuss,Wieviele Mitglieder hat der Vergütungsausschuss?,,Integer,,,,0,Yes,
52.1,Unternehmensführung/ Governance,Vergütungsausschuss,Anzahl unabhängiger Mitglieder im Vergütungsausschuss,Wieviele unabhängige Mitglieder hat der Vergütungsausschuss?,,Integer,,,,0,Yes,
52.2,Unternehmensführung/ Governance,Vergütungsausschuss,Anzahl von Frauen im Vergütungsausschuss,Wieviele Frauen sind im Vergütungsausschuss?,,Integer,,,,0,Yes,
53,Unternehmensführung/ Governance,Nominierungsausschuss,Anzahl der Mitglieder im Nominierungsausschuss,Wieviele Mitglieder hat der Nominierungsausschuss?,,Integer,,,,0,Yes,
53.1,Unternehmensführung/ Governance,Nominierungsausschuss,Anzahl unabhängiger Mitglieder im Nominierungsausschuss,Wieviele unabhängige Mitglieder hat der Nominierungsausschuss?,,Integer,,,,0,Yes,
53.2,Unternehmensführung/ Governance,Nominierungsausschuss,Anzahl von Frauen im Vergütungsausschuss,Wieviele Frauen sind im Nominierungsausschuss?,,Integer,,,,0,Yes,
54,Unternehmensführung/ Governance,Prüfungsausschuss,Anzahl der Mitglieder im Prüfungsausschuss,Wieviele Mitglieder hat der Prüfungsausschuss?,,Integer,,,,0,Yes,
54.1,Unternehmensführung/ Governance,Prüfungsausschuss,Anzahl unabhängiger Mitglieder im Prüfungsausschuss,Wieviele unabhängige Mitglieder hat der Prüfungsausschuss?,,Integer,,,,0,Yes,
54.2,Unternehmensführung/ Governance,Prüfungsausschuss,Anzahl von Frauen im Prüfungsausschuss,Wieviele Frauen sind im Prüfungsausschuss?,,Integer,,,,0,Yes,
55,Unternehmensführung/ Governance,Nachhaltigkeitsausschuss,Anzahl der Mitglieder im Nachhaltigkeitsausschuss,Wieviele Mitglieder hat der Nachhaltigkeitsausschuss?,,Integer,,,,0,Yes,
55.1,Unternehmensführung/ Governance,Nachhaltigkeitsausschuss,Anzahl unabhängiger Mitglieder im Nachhaltigkeitsausschuss,Wieviele unabhängige Mitglieder hat der Nachhaltigkeitsausschuss?,,Integer,,,,0,Yes,
55.2,Unternehmensführung/ Governance,Nachhaltigkeitsausschuss,Anzahl von Frauen im Nachhaltigkeitsausschuss,Wieviele Frauen sind im Nachhaltigkeitsausschuss?,,Integer,,,,0,Yes,
56,Unternehmensführung/ Governance,Sonstige,Wirtschaftsprüfer,,,String,,,,0,Yes,
57,Unternehmensführung/ Governance,Sonstige,Trennung von CEO oder Vorsitzenden,Hat sich das Unternehmen im aktuellen Jahr der Berichterstattung von CEO/Vorsitzenden getrennt?,,Yes/No,,,,0,Yes,
57.1,Unternehmensführung/ Governance,Sonstige,Amtszeit bis zur Trennung,Wieviele Jahre war der/die CEO/Vorsitzende(r) im Amt?,,Integer,,Jahre,,57,Yes,
58,Unternehmensführung/ Governance,Stakeholder,Einbeziehung von Stakeholdern,Gibt es einen kontinuierlichen Prozess des Dialogs mit den Stakeholdern des Unternehmens?,,Yes/No,,,,0,Yes,
58.1,Unternehmensführung/ Governance,Stakeholder,Prozess der Einbeziehung von Stakeholdern,"Bitte geben Sie Einzelheiten zu einem solchen Prozess an, z.B. eine Umfrage zur Bewertung der Mitarbeiter- oder Kundenzufriedenheit. Falls zutreffend, teilen Sie uns bitte die wichtigsten Schlussfolgerungen mit.","Einzelheiten zu einem solchen Prozess, und wichtigsten Schlussfolgerungen (falls zutreffend)",FreeText,,,,58,Yes,
58.2,Unternehmensführung/ Governance,Stakeholder,Mechanismen zur Ausrichtung auf Stakeholder,"Welche Mechanismen gibt es derzeit, um sicherzustellen, dass die Stakeholder im besten Interesse des Unternehmens handeln? Bitte erläutern Sie (falls zutreffend) die Beteiligungsmechanismen, verschiedene Anreizsysteme usw.","Welche Mechanismen gibt es derzeit, um sicherzustellen, dass die Stakeholder im besten Interesse des Unternehmens handeln?",FreeText,,,,58,Yes,
59,Unternehmensführung/ Governance,Unternehmensrichtlinien,Veröffentlichte Unternehmensrichtlinien,Welche Richtlinien sind im Unternehmen veröffentlicht?,,Multi-Select Dropdown,Anti-Korruption| Verhaltenskodex| Interessenkonflikte| Datenschutz| Diversität & Inklusion| Faire Behandlung von Kunden| Zwangsarbeit| Gesundheit und Sicherheit| Mgt von Umweltgefahren| Verantwortungsvolles Marketing| Whistleblowing| other,,,0,Yes,
59.1,Unternehmensführung/ Governance,Unternehmensrichtlinien,Weitere veröffentliche Unternehmensrichtlinien,"Bitte nennen Sie weitere wichtige Richtlinien, falls diese nicht angegeben sind.",Weitere Richtlinien,FreeText,,,,0,Yes,
60,Unternehmensführung/ Governance,Lieferantenauswahl,ESG-Kriterien und Überwachung der Lieferanten,"Wendet das Unternehmen ESG-Kriterien bei der Auswahl seiner Lieferanten an, einschließlich einer Bestandsaufnahme der Lieferkette?",,Yes/No,,,,0,Yes,
60.1,Unternehmensführung/ Governance,Lieferantenauswahl,Auswahlkriterien,"Bitte nennen Sie die Auswahlkriterien und erläutern Sie, wie diese Kriterien im Laufe der Zeit überwacht/geprüft werden. Bezieht das Unternehmen beispielsweise Rohstoffe aus Gebieten, in denen umstrittene Abholzungsaktivitäten stattfinden (z.B. Soja, Palmöl, Tropenholz, Holz oder industrielle Viehzucht)?","Auswahlkriterien und wie diese Kriterien im Laufe der Zeit überwacht/geprüft werden. Bezieht das Unternehmen beispielsweise Rohstoffe aus Gebieten, in denen umstrittene Abholzungsaktivitäten stattfinden (z.B. Soja, Palmöl, Tropenholz, Holz oder industrielle Viehzucht)?",FreeText,,,,60,Yes,
