Field Identifier,Category,Sub-Category,Field Name,Tooltip,Component,Options,Unit,Document-Support,Dependency,Show when value is,Mandatory Field
1,General,General,Fiscal Year Deviation,Does the fiscal year deviate from the calendar year?,Single-Select Radio Button,Deviation | No Deviation,,Extended,,,
2,General,General,Fiscal Year End,The date the fiscal year ends.,Date, ,,Extended,,,
3,General,General,Referenced Reports,Please upload all relevant reports for this dataset in the PDF format.,Report Preupload, ,,,,,
4,General,General,Are all Group Entities covered?,Are all Group legal entities covered in the reports?,Yes/No, ,,Extended,,,
5,General,General,Number of Employees,Total Number of Employees (including temporary workers with assignment duration longer than 6 months),Number,"Allowed Range: [0, INF]",,Extended,,,
6,General,General,Is NFRD mandatory?,Is the NFRD mandatory for your company?,Yes/No,,,Extended,,,
7,General,General,Assurance,"Level of Assurance of the EU Taxonomy Disclosure (Reasonable Assurance, Limited Assurance, None)",Custom EuTaxonomyAssuranceComponent, ,,,,,
8,Credit Institution,Assets for Calculation of Green Asset Ratio,Total (gross) Carrying Amount,Total overall covered assets which are included in the numerator. Do not include assets which not covered for GAR calculation.,Currency,"Allowed Range: [0, INF]",,Extended,,,
9,Credit Institution,Assets for Calculation of Green Asset Ratio,Total Amount of Assets towards Taxonomy-relevant Sectors (Taxonomy-eligible),"Total amount of assets which are Taxonomy-eligible for any of the six environmental objectives (Climate Change Mitigation, Climate Change Adaptation, Water and Marine Resources, Circular Economy, Pollution Prevention and Control, Biodiversity and Ecosystems)",Currency,"Allowed Range: [0, INF]",,Extended,,,
9.1,Credit Institution,Assets for Calculation of Green Asset Ratio,Total Amount of Assets which are Environmentally Sustainable (Taxonomy-aligned),"Total amount of assets which are Taxonomy-aligned for any of the six environmental objectives (Climate Change Mitigation, Climate Change Adaptation, Water and Marine Resources, Circular Economy, Pollution Prevention and Control, Biodiversity and Ecosystems)",Currency,"Allowed Range: [0, INF]",,Extended,,,
9.1.1,Credit Institution,Assets for Calculation of Green Asset Ratio,Total Amount of Environmentally Sustainable Assets which are Use of Proceeds,"Total amount of Taxonomy-aligned assets which are Use of Proceeds for any of the six environmental objectives (Climate Change Mitigation, Climate Change Adaptation, Water and Marine Resources, Circular Economy, Pollution Prevention and Control, Biodiversity and Ecosystems)",Currency,"Allowed Range: [0, INF]",,Extended,,,
9.1.2,Credit Institution,Assets for Calculation of Green Asset Ratio,Total Amount of Environmentally Sustainable Assets which are Transitional,"Total amount of Taxonomy-aligned assets which are Transitional for any of the six environmental objectives (Climate Change Mitigation, Climate Change Adaptation, Water and Marine Resources, Circular Economy, Pollution Prevention and Control, Biodiversity and Ecosystems)",Currency,"Allowed Range: [0, INF]",,Extended,,,
9.1.3,Credit Institution,Assets for Calculation of Green Asset Ratio,Total Amount of Environmentally Sustainable Assets which are Enabling,"Total amount of Taxonomy-aligned assets which are Enabling for any of the six environmental objectives (Climate Change Mitigation, Climate Change Adaptation, Water and Marine Resources, Circular Economy, Pollution Prevention and Control, Biodiversity and Ecosystems)",Currency,"Allowed Range: [0, INF]",,Extended,,,
10,Credit Institution,Turnover-based Green Asset Ratio (stock),Substantial Contribution to Climate Change Mitigation in Percent - Eligible,Taxonomy-eligible Proportion of Revenue-based Green Asset Ratio substantially contributing to Climate Change Mitigation,Percentage,,,Extended,,,
10.1,Credit Institution,Turnover-based Green Asset Ratio (stock),Substantial Contribution to Climate Change Mitigation in Percent - Aligned,Taxonomy-aligned Proportion of Revenue-based Green Asset Ratio substantially contributing to Climate Change Mitigation,Percentage,,,Extended,,,
10.1.1,Credit Institution,Turnover-based Green Asset Ratio (stock),Substantial Contribution to Climate Change Mitigation in Percent - Of which Use of Proceeds,Taxonomy-aligned Use of Proceeds Share substantially contributing to Climate Change Mitigation,Percentage,,,Extended,,,
10.1.2,Credit Institution,Turnover-based Green Asset Ratio (stock),Substantial Contribution to Climate Change Mitigation in Percent - Of which Enabling,Taxonomy-aligned and enabling Proportion of Revenue-based Green Asset Ratio substantially contributing to Climate Change Mitigation,Percentage,,,Extended,,,
10.1.3,Credit Institution,Turnover-based Green Asset Ratio (stock),Substantial Contribution to Climate Change Mitigation in Percent - Of which Transitional,Taxonomy-aligned and transitional Proportion of Revenue-based Green Asset Ratio substantially contributing to Climate Change Mitigation,Percentage,,,Extended,,,
11,Credit Institution,Turnover-based Green Asset Ratio (stock),Substantial Contribution to Climate Change Adaptation in Percent - Eligible,Taxonomy-eligible Proportion of Revenue-based Green Asset Ratio substantially contributing to Climate Change Adaptation,Percentage,,,Extended,,,
11.1,Credit Institution,Turnover-based Green Asset Ratio (stock),Substantial Contribution to Climate Change Adaptation in Percent - Aligned,Taxonomy-aligned Proportion of Revenue-based Green Asset Ratio substantially contributing to Climate Change Adaptation,Percentage,,,Extended,,,
11.1.1,Credit Institution,Turnover-based Green Asset Ratio (stock),Substantial Contribution to Climate Change Adaptation in Percent - Of which Use of Proceeds,Taxonomy-aligned Use of Proceeds Share substantially contributing to Climate Change Adaptation,Percentage,,,Extended,,,
11.1.2,Credit Institution,Turnover-based Green Asset Ratio (stock),Substantial Contribution to Climate Change Adaptation in Percent - Of which Enabling,Taxonomy-aligned and enabling Proportion of Revenue-based Green Asset Ratio substantially contributing to Climate Change Adaptation,Percentage,,,Extended,,,
11.1.3,Credit Institution,Turnover-based Green Asset Ratio (stock),Substantial Contribution to Climate Change Adaptation in Percent - Of which Adapting,Legacy Field: Taxonomy-aligned and adapting  Proportion of Revenue-based Green Asset Ratio substantially contributing to Climate Change Adaptation,Percentage,,,Extended,,,
12,Credit Institution,Turnover-based Green Asset Ratio (stock),Substantial Contribution to Sustainable Use and Protection of Water and Marine Resources in Percent - Eligible,Taxonomy-eligible Proportion of Revenue-based Green Asset Ratio substantially contributing to Sustainable Use and Protection of Water and Marine Resources,Percentage,,,Extended,,,
12.1,Credit Institution,Turnover-based Green Asset Ratio (stock),Substantial Contribution to Sustainable Use and Protection of Water and Marine Resources in Percent - Aligned,Taxonomy-aligned Proportion of Revenue-based Green Asset Ratio substantially contributing to Sustainable Use and Protection of Water and Marine Resources,Percentage,,,Extended,,,
12.1.1,Credit Institution,Turnover-based Green Asset Ratio (stock),Substantial Contribution to Sustainable Use and Protection of Water and Marine Resources in Percent - Of which Use of Proceeds,Taxonomy-aligned Use of Proceeds Share substantially contributing to Sustainable Use and Protection of Water and Marine Resources,Percentage,,,Extended,,,
12.1.2,Credit Institution,Turnover-based Green Asset Ratio (stock),Substantial Contribution to Sustainable Use and Protection of Water and Marine Resources in Percent - Of which Enabling,Taxonomy-aligned and enabling Proportion of Revenue-based Green Asset Ratio substantially contributing to Sustainable Use and Protection of Water and Marine Resources,Percentage,,,Extended,,,
13,Credit Institution,Turnover-based Green Asset Ratio (stock),Substantial Contribution to Transition to a Circular Economy in Percent - Eligible,Taxonomy-eligible Proportion of Revenue-based Green Asset Ratio substantially contributing to Circular Economy,Percentage,,,Extended,,,
13.1,Credit Institution,Turnover-based Green Asset Ratio (stock),Substantial Contribution to Transition to a Circular Economy in Percent - Aligned,Taxonomy-aligned Proportion of Revenue-based Green Asset Ratio substantially contributing to Circular Economy,Percentage,,,Extended,,,
13.1.1,Credit Institution,Turnover-based Green Asset Ratio (stock),Substantial Contribution to Transition to a Circular Economy in Percent - Of which Use of Proceeds,Taxonomy-aligned Use of Proceeds Share substantially contributing to Circular Economy,Percentage,,,Extended,,,
13.1.2,Credit Institution,Turnover-based Green Asset Ratio (stock),Substantial Contribution to Transition to a Circular Economy in Percent - Of which Enabling,Taxonomy-aligned and enabling Proportion of Revenue-based Green Asset Ratio substantially contributing to Circular Economy,Percentage,,,Extended,,,
14,Credit Institution,Turnover-based Green Asset Ratio (stock),Substantial Contribution to Pollution Prevention and Control in Percent - Eligible,Taxonomy-eligible Proportion of Revenue-based Green Asset Ratio substantially contributing to Pollution Prevention and Control,Percentage,,,Extended,,,
14.1,Credit Institution,Turnover-based Green Asset Ratio (stock),Substantial Contribution to Pollution Prevention and Control in Percent - Aligned,Taxonomy-aligned Proportion of Revenue-based Green Asset Ratio substantially contributing to Pollution Prevention and Control,Percentage,,,Extended,,,
14.1.1,Credit Institution,Turnover-based Green Asset Ratio (stock),Substantial Contribution to Pollution Prevention and Control in Percent - Of which Use of Proceeds,Taxonomy-aligned Use of Proceeds Share substantially contributing to Pollution Prevention and Control,Percentage,,,Extended,,,
14.1.2,Credit Institution,Turnover-based Green Asset Ratio (stock),Substantial Contribution to Pollution Prevention and Control in Percent - Of which Enabling,Taxonomy-aligned and enabling Proportion of Revenue-based Green Asset Ratio substantially contributing to Pollution Prevention and Control,Percentage,,,Extended,,,
15,Credit Institution,Turnover-based Green Asset Ratio (stock),Substantial Contribution to Protection and Restoration of Biodiversity and Ecosystems in Percent - Eligible,Taxonomy-eligible Proportion of Revenue-based Green Asset Ratio substantially contributing to Protection and Restoration of Biodiversity and Ecosystems,Percentage,,,Extended,,,
15.1,Credit Institution,Turnover-based Green Asset Ratio (stock),Substantial Contribution to Protection and Restoration of Biodiversity and Ecosystems in Percent - Aligned,Taxonomy-aligned Proportion of Revenue-based Green Asset Ratio substantially contributing to Protection and Restoration of Biodiversity and Ecosystems,Percentage,,,Extended,,,
15.1.1,Credit Institution,Turnover-based Green Asset Ratio (stock),Substantial Contribution to Protection and Restoration of Biodiversity and Ecosystems in Percent - Of which Use of Proceeds,Taxonomy-aligned Use of Proceeds Share substantially contributing to Protection and Restoration of Biodiversity and Ecosystems,Percentage,,,Extended,,,
15.1.2,Credit Institution,Turnover-based Green Asset Ratio (stock),Substantial Contribution to Protection and Restoration of Biodiversity and Ecosystems in Percent - Of which Enabling,Taxonomy-aligned and enabling Proportion of Revenue-based Green Asset Ratio substantially contributing to Protection and Restoration of Biodiversity and Ecosystems,Percentage,,,Extended,,,
16,Credit Institution,Turnover-based Green Asset Ratio (stock),Substantial Contribution to any of the six Environmental Objectives in Percent - Eligible,Taxonomy-eligible Proportion of Revenue-based Green Asset Ratio substantially contributing to any of the six Environmental Objectives,Percentage,,,Extended,,,
16.1,Credit Institution,Turnover-based Green Asset Ratio (stock),Substantial Contribution to any of the six Environmental Objectives in Percent - Aligned,Taxonomy-aligned Proportion of Revenue-based Green Asset Ratio substantially contributing to any of the six Environmental Objectives,Percentage,,,Extended,,,
16.1.1,Credit Institution,Turnover-based Green Asset Ratio (stock),Substantial Contribution to any of the six Environmental Objectives in Percent - Of which Use of Proceeds,Taxonomy-aligned Use of Proceeds Share substantially contributing to any of the six Environmental Objectives,Percentage,,,Extended,,,
16.1.2,Credit Institution,Turnover-based Green Asset Ratio (stock),Substantial Contribution to any of the six Environmental Objectives in Percent - Of which Enabling,Taxonomy-aligned and enabling Proportion of Revenue-based Green Asset Ratio substantially contributing to any of the six Environmental Objectives,Percentage,,,Extended,,,
16.1.3,Credit Institution,Turnover-based Green Asset Ratio (stock),Substantial Contribution to any of the six Environmental Objectives in Percent - Of which Transitional,Taxonomy-aligned and transitional Proportion of Revenue-based Green Asset Ratio substantially contributing to any of the six Environmental Objectives,Percentage,,,Extended,,,
20,Credit Institution,CapEx-based Green Asset Ratio (stock),Substantial Contribution to Climate Change Mitigation in Percent - Eligible,Taxonomy-eligible Proportion of CapEx-based Green Asset Ratio substantially contributing to Climate Change Mitigation,Percentage,,,Extended,,,
20.1,Credit Institution,CapEx-based Green Asset Ratio (stock),Substantial Contribution to Climate Change Mitigation in Percent - Aligned,Taxonomy-aligned Proportion of CapEx-based Green Asset Ratio substantially contributing to Climate Change Mitigation,Percentage,,,Extended,,,
20.1.1,Credit Institution,CapEx-based Green Asset Ratio (stock),Substantial Contribution to Climate Change Mitigation in Percent - Of which Use of Proceeds,Taxonomy-aligned Use of Proceeds Share substantially contributing to Climate Change Mitigation,Percentage,,,Extended,,,
20.1.2,Credit Institution,CapEx-based Green Asset Ratio (stock),Substantial Contribution to Climate Change Mitigation in Percent - Of which Enabling,Taxonomy-aligned and enabling Proportion of CapEx-based Green Asset Ratio substantially contributing to Climate Change Mitigation,Percentage,,,Extended,,,
20.1.3,Credit Institution,CapEx-based Green Asset Ratio (stock),Substantial Contribution to Climate Change Mitigation in Percent - Of which Transitional,Taxonomy-aligned and transitional Proportion of CapEx-based Green Asset Ratio substantially contributing to Climate Change Mitigation,Percentage,,,Extended,,,
21,Credit Institution,CapEx-based Green Asset Ratio (stock),Substantial Contribution to Climate Change Adaptation in Percent - Eligible,Taxonomy-eligible Proportion of CapEx-based Green Asset Ratio substantially contributing to Climate Change Adaptation,Percentage,,,Extended,,,
21.1,Credit Institution,CapEx-based Green Asset Ratio (stock),Substantial Contribution to Climate Change Adaptation in Percent - Aligned,Taxonomy-aligned Proportion of CapEx-based Green Asset Ratio substantially contributing to Climate Change Adaptation,Percentage,,,Extended,,,
21.1.1,Credit Institution,CapEx-based Green Asset Ratio (stock),Substantial Contribution to Climate Change Adaptation in Percent - Of which Use of Proceeds,Taxonomy-aligned Use of Proceeds Share substantially contributing to Climate Change Adaptation,Percentage,,,Extended,,,
21.1.2,Credit Institution,CapEx-based Green Asset Ratio (stock),Substantial Contribution to Climate Change Adaptation in Percent - Of which Enabling,Taxonomy-aligned and enabling Proportion of CapEx-based Green Asset Ratio substantially contributing to Climate Change Adaptation,Percentage,,,Extended,,,
21.1.3,Credit Institution,CapEx-based Green Asset Ratio (stock),Substantial Contribution to Climate Change Adaptation in Percent - Of which Adapting,Legacy Field: Taxonomy-aligned and adapting  Proportion of CapEx-based Green Asset Ratio substantially contributing to Climate Change Adaptation,Percentage,,,Extended,,,
22,Credit Institution,CapEx-based Green Asset Ratio (stock),Substantial Contribution to Sustainable Use and Protection of Water and Marine Resources in Percent - Eligible,Taxonomy-eligible Proportion of CapEx-based Green Asset Ratio substantially contributing to Sustainable Use and Protection of Water and Marine Resources,Percentage,,,Extended,,,
22.1,Credit Institution,CapEx-based Green Asset Ratio (stock),Substantial Contribution to Sustainable Use and Protection of Water and Marine Resources in Percent - Aligned,Taxonomy-aligned Proportion of CapEx-based Green Asset Ratio substantially contributing to Sustainable Use and Protection of Water and Marine Resources,Percentage,,,Extended,,,
22.1.1,Credit Institution,CapEx-based Green Asset Ratio (stock),Substantial Contribution to Sustainable Use and Protection of Water and Marine Resources in Percent - Of which Use of Proceeds,Taxonomy-aligned Use of Proceeds Share substantially contributing to Sustainable Use and Protection of Water and Marine Resources,Percentage,,,Extended,,,
22.1.2,Credit Institution,CapEx-based Green Asset Ratio (stock),Substantial Contribution to Sustainable Use and Protection of Water and Marine Resources in Percent - Of which Enabling,Taxonomy-aligned and enabling Proportion of CapEx-based Green Asset Ratio substantially contributing to Sustainable Use and Protection of Water and Marine Resources,Percentage,,,Extended,,,
23,Credit Institution,CapEx-based Green Asset Ratio (stock),Substantial Contribution to Transition to a Circular Economy in Percent - Eligible,Taxonomy-eligible Proportion of CapEx-based Green Asset Ratio substantially contributing to Circular Economy,Percentage,,,Extended,,,
23.1,Credit Institution,CapEx-based Green Asset Ratio (stock),Substantial Contribution to Transition to a Circular Economy in Percent - Aligned,Taxonomy-aligned Proportion of CapEx-based Green Asset Ratio substantially contributing to Circular Economy,Percentage,,,Extended,,,
23.1.1,Credit Institution,CapEx-based Green Asset Ratio (stock),Substantial Contribution to Transition to a Circular Economy in Percent - Of which Use of Proceeds,Taxonomy-aligned Use of Proceeds Share substantially contributing to Circular Economy,Percentage,,,Extended,,,
23.1.2,Credit Institution,CapEx-based Green Asset Ratio (stock),Substantial Contribution to Transition to a Circular Economy in Percent - Of which Enabling,Taxonomy-aligned and enabling Proportion of CapEx-based Green Asset Ratio substantially contributing to Circular Economy,Percentage,,,Extended,,,
24,Credit Institution,CapEx-based Green Asset Ratio (stock),Substantial Contribution to Pollution Prevention and Control in Percent - Eligible,Taxonomy-eligible Proportion of CapEx-based Green Asset Ratio substantially contributing to Pollution Prevention and Control,Percentage,,,Extended,,,
24.1,Credit Institution,CapEx-based Green Asset Ratio (stock),Substantial Contribution to Pollution Prevention and Control in Percent - Aligned,Taxonomy-aligned Proportion of CapEx-based Green Asset Ratio substantially contributing to Pollution Prevention and Control,Percentage,,,Extended,,,
24.1.1,Credit Institution,CapEx-based Green Asset Ratio (stock),Substantial Contribution to Pollution Prevention and Control in Percent - Of which Use of Proceeds,Taxonomy-aligned Use of Proceeds Share substantially contributing to Pollution Prevention and Control,Percentage,,,Extended,,,
24.1.2,Credit Institution,CapEx-based Green Asset Ratio (stock),Substantial Contribution to Pollution Prevention and Control in Percent - Of which Enabling,Taxonomy-aligned and enabling Proportion of CapEx-based Green Asset Ratio substantially contributing to Pollution Prevention and Control,Percentage,,,Extended,,,
25,Credit Institution,CapEx-based Green Asset Ratio (stock),Substantial Contribution to Protection and Restoration of Biodiversity and Ecosystems in Percent - Eligible,Taxonomy-eligible Proportion of CapEx-based Green Asset Ratio substantially contributing to Protection and Restoration of Biodiversity and Ecosystems,Percentage,,,Extended,,,
25.1,Credit Institution,CapEx-based Green Asset Ratio (stock),Substantial Contribution to Protection and Restoration of Biodiversity and Ecosystems in Percent - Aligned,Taxonomy-aligned Proportion of CapEx-based Green Asset Ratio substantially contributing to Protection and Restoration of Biodiversity and Ecosystems,Percentage,,,Extended,,,
25.1.1,Credit Institution,CapEx-based Green Asset Ratio (stock),Substantial Contribution to Protection and Restoration of Biodiversity and Ecosystems in Percent - Of which Use of Proceeds,Taxonomy-aligned Use of Proceeds Share substantially contributing to Protection and Restoration of Biodiversity and Ecosystems,Percentage,,,Extended,,,
25.1.2,Credit Institution,CapEx-based Green Asset Ratio (stock),Substantial Contribution to Protection and Restoration of Biodiversity and Ecosystems in Percent - Of which Enabling,Taxonomy-aligned and enabling Proportion of CapEx-based Green Asset Ratio substantially contributing to Protection and Restoration of Biodiversity and Ecosystems,Percentage,,,Extended,,,
26,Credit Institution,CapEx-based Green Asset Ratio (stock),Substantial Contribution to any of the six Environmental Objectives in Percent - Eligible,Taxonomy-eligible Proportion of CapEx-based Green Asset Ratio substantially contributing to any of the six Environmental Objectives,Percentage,,,Extended,,,
26.1,Credit Institution,CapEx-based Green Asset Ratio (stock),Substantial Contribution to any of the six Environmental Objectives in Percent - Aligned,Taxonomy-aligned Proportion of CapEx-based Green Asset Ratio substantially contributing to any of the six Environmental Objectives,Percentage,,,Extended,,,
26.1.1,Credit Institution,CapEx-based Green Asset Ratio (stock),Substantial Contribution to any of the six Environmental Objectives in Percent - Of which Use of Proceeds,Taxonomy-aligned Use of Proceeds Share substantially contributing to any of the six Environmental Objectives,Percentage,,,Extended,,,
26.1.2,Credit Institution,CapEx-based Green Asset Ratio (stock),Substantial Contribution to any of the six Environmental Objectives in Percent - Of which Enabling,Taxonomy-aligned and enabling Proportion of CapEx-based Green Asset Ratio substantially contributing to any of the six Environmental Objectives,Percentage,,,Extended,,,
26.1.3,Credit Institution,CapEx-based Green Asset Ratio (stock),Substantial Contribution to any of the six Environmental Objectives in Percent - Of which Transitional,Taxonomy-aligned and transitional Proportion of CapEx-based Green Asset Ratio substantially contributing to any of the six Environmental Objectives,Percentage,,,Extended,,,
65,Asset Management,Average Value of Taxonomy-aligned Undertakings,Weighted Average Value of all Investments - Turnover-based in Percent,"The weighted average value of all the investments that are directed at funding, or are associated with taxonomy-aligned economic activities relative to the value of total assets covered by the KPI, with following weights for investments in undertakings - Turnover-based in Percent.",Percentage,,,Extended,,,
66,Asset Management,Average Value of Taxonomy-aligned Undertakings,Weighted Average Value of all Investments - CapEx-based in Percent,"The weighted average value of all the investments that are directed at funding, or are associated with taxonomy-aligned economic activities relative to the value of total assets covered by the KPI, with following weights for investments in undertakings - CapEx-based in Percent.",Percentage,,,Extended,,,
67,Asset Management,Average Value of Taxonomy-aligned Undertakings,Weighted Average Value of all Investments - Turnover-based monetary amount,"The weighted average value of all the investments that are directed at funding, or are associated with taxonomy-aligned economic activities, with following weights for investments in undertakings - Turnover based monetary amount.",Currency,"Allowed Range: [0, INF]",,Extended,,,
68,Asset Management,Average Value of Taxonomy-aligned Undertakings,Weighted Average Value of all Investments - CapEx-based monetary amount,"The weighted average value of all the investments that are directed at funding, or are associated with taxonomy-aligned economic activities, with following weights for investments in undertakings - CapEx-based monetary amount.",Currency,"Allowed Range: [0, INF]",,Extended,,,
69,Asset Management,Breakdown of the Numerator of the KPI per Environmental Objective - Turnover-based,Share of Turnover-based KPI substantially contributing to Climate Change Mitigation in Percent - Aligned,Taxonomy-aligned Proportion of Turnover-based KPI substantially contributing to Climate Change Mitigation,Percentage,,,Extended,,,
70,Asset Management,Breakdown of the Numerator of the KPI per Environmental Objective - Turnover-based,Share of Turnover-based KPI substantially contributing to Climate Change Mitigation in Percent - Of which Enabling,Taxonomy-aligned and enabling Proportion of Turnover-based KPI substantially contributing to Climate Change Mitigation,Percentage,,,Extended,,,
71,Asset Management,Breakdown of the Numerator of the KPI per Environmental Objective - Turnover-based,Share of Turnover-based KPI substantially contributing to Climate Change Mitigation in Percent - Of which Transitional,Taxonomy-aligned and transitional Proportion of Turnover-based KPI substantially contributing to Climate Change Mitigation,Percentage,,,Extended,,,
72,Asset Management,Breakdown of the Numerator of the KPI per Environmental Objective - Turnover-based,Share of Turnover-based KPI substantially contributing to Climate Change Adaptation in Percent - Aligned,Taxonomy-aligned Proportion of Turnover-based KPI substantially contributing to Climate Change Adaptation,Percentage,,,Extended,,,
73,Asset Management,Breakdown of the Numerator of the KPI per Environmental Objective - Turnover-based,Share of Turnover-based KPI substantially contributing to Climate Change Adaptation in Percent - Of which Enabling,Taxonomy-aligned and enabling Proportion of Turnover-based KPI substantially contributing to Climate Change Adaptation,Percentage,,,Extended,,,
74,Asset Management,Breakdown of the Numerator of the KPI per Environmental Objective - Turnover-based,Share of Turnover-based KPI substantially contributing to Sustainable Use and Protection of Water and Marine Resources in Percent - Aligned,Taxonomy-aligned Proportion of Turnover-based KPI substantially contributing to Sustainable Use and Protection of Water and Marine Resources,Percentage,,,Extended,,,
75,Asset Management,Breakdown of the Numerator of the KPI per Environmental Objective - Turnover-based,Share of Turnover-based KPI substantially contributing to Sustainable Use and Protection of Water and Marine Resources in Percent - Of which Enabling,Taxonomy-aligned and enabling Proportion of Turnover-based KPI substantially contributing to Sustainable Use and Protection of Water and Marine Resources,Percentage,,,Extended,,,
76,Asset Management,Breakdown of the Numerator of the KPI per Environmental Objective - Turnover-based,Share of Turnover-based KPI substantially contributing to Transition to a Circular Economy in Percent - Aligned,Taxonomy-aligned Proportion of Turnover-based KPI substantially contributing to Circular Economy,Percentage,,,Extended,,,
77,Asset Management,Breakdown of the Numerator of the KPI per Environmental Objective - Turnover-based,Share of Turnover-based KPI substantially contributing to Transition to a Circular Economy in Percent - Of which Enabling,Taxonomy-aligned and enabling Proportion of Turnover-based KPI substantially contributing to Circular Economy,Percentage,,,Extended,,,
78,Asset Management,Breakdown of the Numerator of the KPI per Environmental Objective - Turnover-based,Share of Turnover-based KPI substantially contributing to Pollution Prevention and Control in Percent - Aligned,Taxonomy-aligned Proportion of Turnover-based KPI substantially contributing to Pollution Prevention and Control,Percentage,,,Extended,,,
79,Asset Management,Breakdown of the Numerator of the KPI per Environmental Objective - Turnover-based,Share of Turnover-based KPI substantially contributing to Pollution Prevention and Control in Percent - Of which Enabling,Taxonomy-aligned and enabling Proportion of Turnover-based KPI substantially contributing to Pollution Prevention and Control,Percentage,,,Extended,,,
80,Asset Management,Breakdown of the Numerator of the KPI per Environmental Objective - Turnover-based,Share of Turnover-based KPI substantially contributing to Protection and Restoration of Biodiversity and Ecosystems in Percent - Aligned,Taxonomy-aligned Proportion of Turnover-based KPI substantially contributing to Protection and Restoration of Biodiversity and Ecosystems,Percentage,,,Extended,,,
81,Asset Management,Breakdown of the Numerator of the KPI per Environmental Objective - Turnover-based,Share of Turnover-based KPI substantially contributing to Protection and Restoration of Biodiversity and Ecosystems in Percent - Of which Enabling,Taxonomy-aligned and enabling Proportion of Turnover-based KPI substantially contributing to Protection and Restoration of Biodiversity and Ecosystems,Percentage,,,Extended,,,
82,Asset Management,Breakdown of the Numerator of the KPI per Environmental Objective - CapEx-based,Share of CapEx-based KPI substantially contributing to Climate Change Mitigation in Percent - Aligned,Taxonomy-aligned Proportion of CapEx-based KPI substantially contributing to Climate Change Mitigation,Percentage,,,Extended,,,
83,Asset Management,Breakdown of the Numerator of the KPI per Environmental Objective - CapEx-based,Share of CapEx-based KPI substantially contributing to Climate Change Mitigation in Percent - Of which Enabling,Taxonomy-aligned and enabling Proportion of CapEx-based KPI substantially contributing to Climate Change Mitigation,Percentage,,,Extended,,,
84,Asset Management,Breakdown of the Numerator of the KPI per Environmental Objective - CapEx-based,Share of CapEx-based KPI substantially contributing to Climate Change Mitigation in Percent - Of which Transitional,Taxonomy-aligned and transitional Proportion of CapEx-based KPI substantially contributing to Climate Change Mitigation,Percentage,,,Extended,,,
85,Asset Management,Breakdown of the Numerator of the KPI per Environmental Objective - CapEx-based,Share of CapEx-based KPI substantially contributing to Climate Change Adaptation in Percent - Aligned,Taxonomy-aligned Proportion of CapEx-based KPI substantially contributing to Climate Change Adaptation,Percentage,,,Extended,,,
86,Asset Management,Breakdown of the Numerator of the KPI per Environmental Objective - CapEx-based,Share of CapEx-based KPI substantially contributing to Climate Change Adaptation in Percent - Of which Enabling,Taxonomy-aligned and enabling Proportion of CapEx-based KPI substantially contributing to Climate Change Adaptation,Percentage,,,Extended,,,
87,Asset Management,Breakdown of the Numerator of the KPI per Environmental Objective - CapEx-based,Share of CapEx-based KPI substantially contributing to Sustainable Use and Protection of Water and Marine Resources in Percent - Aligned,Taxonomy-aligned Proportion of CapEx-based KPI substantially contributing to Sustainable Use and Protection of Water and Marine Resources,Percentage,,,Extended,,,
88,Asset Management,Breakdown of the Numerator of the KPI per Environmental Objective - CapEx-based,Share of CapEx-based KPI substantially contributing to Sustainable Use and Protection of Water and Marine Resources in Percent - Of which Enabling,Taxonomy-aligned and enabling Proportion of CapEx-based KPI substantially contributing to Sustainable Use and Protection of Water and Marine Resources,Percentage,,,Extended,,,
89,Asset Management,Breakdown of the Numerator of the KPI per Environmental Objective - CapEx-based,Share of CapEx-based KPI substantially contributing to Transition to a Circular Economy in Percent - Aligned,Taxonomy-aligned Proportion of CapEx-based KPI substantially contributing to Circular Economy,Percentage,,,Extended,,,
90,Asset Management,Breakdown of the Numerator of the KPI per Environmental Objective - CapEx-based,Share of CapEx-based KPI substantially contributing to Transition to a Circular Economy in Percent - Of which Enabling,Taxonomy-aligned and enabling Proportion of CapEx-based KPI substantially contributing to Circular Economy,Percentage,,,Extended,,,
91,Asset Management,Breakdown of the Numerator of the KPI per Environmental Objective - CapEx-based,Share of CapEx-based KPI substantially contributing to Pollution Prevention and Control in Percent - Aligned,Taxonomy-aligned Proportion of CapEx-based KPI substantially contributing to Pollution Prevention and Control,Percentage,,,Extended,,,
92,Asset Management,Breakdown of the Numerator of the KPI per Environmental Objective - CapEx-based,Share of CapEx-based KPI substantially contributing to Pollution Prevention and Control in Percent - Of which Enabling,Taxonomy-aligned and enabling Proportion of CapEx-based KPI substantially contributing to Pollution Prevention and Control,Percentage,,,Extended,,,
93,Asset Management,Breakdown of the Numerator of the KPI per Environmental Objective - CapEx-based,Share of CapEx-based KPI substantially contributing to Protection and Restoration of Biodiversity and Ecosystems in Percent - Aligned,Taxonomy-aligned Proportion of CapEx-based KPI substantially contributing to Protection and Restoration of Biodiversity and Ecosystems,Percentage,,,Extended,,,
94,Asset Management,Breakdown of the Numerator of the KPI per Environmental Objective - CapEx-based,Share of CapEx-based KPI substantially contributing to Protection and Restoration of Biodiversity and Ecosystems in Percent - Of which Enabling,Taxonomy-aligned and enabling Proportion of CapEx-based KPI substantially contributing to Protection and Restoration of Biodiversity and Ecosystems,Percentage,,,Extended,,,
95,Insurance/Reinsurance,Underwriting KPI,Total of Absolute Premiums of Taxonomy-aligned Activities,"Non-life Insurance and Reinsurance Undertakings underwriting Taxonomy-aligned Activities. Shall be reported as ‘gross premiums written’ or, as applicable, turnover relating to non-life insurance and reinsurance activity.",Currency,"Allowed Range: [0, INF]",,Extended,,,
96,Insurance/Reinsurance,Underwriting KPI,Total of Absolute Premiums of Taxonomy-eligible but Taxonomy-non-aligned Activities,"Non-life Insurance and Reinsurance Undertakings underwriting Taxonomy-eligble but not Taxonomy-aligned Activities. Shall be reported as ‘gross premiums written’ or, as applicable, turnover relating to non-life insurance and reinsurance activity.",Currency,"Allowed Range: [0, INF]",,Extended,,,
97,Insurance/Reinsurance,Underwriting KPI,Total of Absolute Premiums of Taxonomy-non-eligible Activities,"Total of Absolute Premiums of Taxonomy-non-eligible Activities. Shall be reported as ‘gross premiums written’ or, as applicable, turnover relating to non-life insurance and reinsurance activity.",Currency,"Allowed Range: [0, INF]",,Extended,,,
98,Insurance/Reinsurance,Underwriting KPI,Proportion of Absolute Premiums of Taxonomy-aligned Activities,"Proportion of Non-life Insurance and Reinsurance Undertakings underwriting Taxonomy-aligned Activities. Shall be reported as ‘gross premiums written’ or, as applicable, turnover relating to non-life insurance and reinsurance activity.",Percentage,,,Extended,,,
99,Insurance/Reinsurance,Underwriting KPI,Proportion of Absolute Premiums of Taxonomy-eligible but Taxonomy-non-aligned Activities,"Proportion of Non-life Insurance and Reinsurance Undertakings underwriting Taxonomy-eligble but not Taxonomy-aligned Activities. Shall be reported as ‘gross premiums written’ or, as applicable, turnover relating to non-life insurance and reinsurance activity.",Percentage,,,Extended,,,
100,Insurance/Reinsurance,Underwriting KPI,Proportion of Absolute Premiums of Taxonomy-non-eligible Activities,"Proportion of Total of Absolute Premiums of Taxonomy-non-eligible Activities. Shall be reported as ‘gross premiums written’ or, as applicable, turnover relating to non-life insurance and reinsurance activity.",Percentage,,,Extended,,,
101,Insurance/Reinsurance,Average Value of Taxonomy-aligned Undertakings,Weighted Average Value of all Investments - Turnover-based in Percent,"The weighted average value of all the investments of insurance or reinsurance undertakings that are directed at funding, or are associated with Taxonomy-aligned economic activities relative to the value of total assets covered by the KPI, with following weights for investments in undertakings - Turnover-based in Percent.",Percentage,,,Extended,,,
102,Insurance/Reinsurance,Average Value of Taxonomy-aligned Undertakings,Weighted Average Value of all Investments - CapEx-based in Percent,"The weighted average value of all the investments of insurance or reinsurance undertakings that are directed at funding, or are associated with Taxonomy-aligned economic activities relative to the value of total assets covered by the KPI, with following weights for investments in undertakings - CapEx-based in Percent.",Percentage,,,Extended,,,
103,Insurance/Reinsurance,Average Value of Taxonomy-aligned Undertakings,Weighted Average Value of all Investments - Turnover-based monetary amount,"The weighted average value of all the investments of insurance or reinsurance undertakings that are directed at funding, or are associated with Taxonomy-aligned economic activities, with following weights for investments in undertakings - Turnover based monetary amount.",Currency,"Allowed Range: [0, INF]",,Extended,,,
104,Insurance/Reinsurance,Average Value of Taxonomy-aligned Undertakings,Weighted Average Value of all Investments - CapEx-based monetary amount,"The weighted average value of all the investments of insurance or reinsurance undertakings that are directed at funding, or are associated with Taxonomy-aligned economic activities, with following weights for investments in undertakings - CapEx-based monetary amount.",Currency,"Allowed Range: [0, INF]",,Extended,,,
105,Insurance/Reinsurance,Breakdown of the Numerator of the KPI per Environmental Objective - Turnover-based,Share of Turnover-based KPI substantially contributing to Climate Change Mitigation in Percent - Aligned,Taxonomy-aligned Proportion of Turnover-based KPI substantially contributing to Climate Change Mitigation - provided 'do-not-significant harm' (DNSH) and social safeguards positive assessment,Percentage,,,Extended,,,
106,Insurance/Reinsurance,Breakdown of the Numerator of the KPI per Environmental Objective - Turnover-based,Share of Turnover-based KPI substantially contributing to Climate Change Mitigation in Percent - Of which Enabling,Taxonomy-aligned and enabling Proportion of Turnover-based KPI substantially contributing to Climate Change Mitigation - provided 'do-not-significant harm' (DNSH) and social safeguards positive assessment,Percentage,,,Extended,,,
107,Insurance/Reinsurance,Breakdown of the Numerator of the KPI per Environmental Objective - Turnover-based,Share of Turnover-based KPI substantially contributing to Climate Change Mitigation in Percent - Of which Transitional,Taxonomy-aligned and transitional Proportion of Turnover-based KPI substantially contributing to Climate Change Mitigation - provided 'do-not-significant harm' (DNSH) and social safeguards positive assessment,Percentage,,,Extended,,,
108,Insurance/Reinsurance,Breakdown of the Numerator of the KPI per Environmental Objective - Turnover-based,Share of Turnover-based KPI substantially contributing to Climate Change Adaptation in Percent - Aligned,Taxonomy-aligned Proportion of Turnover-based KPI substantially contributing to Climate Change Adaptation - provided 'do-not-significant harm' (DNSH) and social safeguards positive assessment,Percentage,,,Extended,,,
109,Insurance/Reinsurance,Breakdown of the Numerator of the KPI per Environmental Objective - Turnover-based,Share of Turnover-based KPI substantially contributing to Climate Change Adaptation in Percent - Of which Enabling,Taxonomy-aligned and enabling Proportion of Turnover-based KPI substantially contributing to Climate Change Adaptation - provided 'do-not-significant harm' (DNSH) and social safeguards positive assessment,Percentage,,,Extended,,,
110,Insurance/Reinsurance,Breakdown of the Numerator of the KPI per Environmental Objective - Turnover-based,Share of Turnover-based KPI substantially contributing to Sustainable Use and Protection of Water and Marine Resources in Percent - Aligned,Taxonomy-aligned Proportion of Turnover-based KPI substantially contributing to Sustainable Use and Protection of Water and Marine Resources - provided 'do-not-significant harm' (DNSH) and social safeguards positive assessment,Percentage,,,Extended,,,
111,Insurance/Reinsurance,Breakdown of the Numerator of the KPI per Environmental Objective - Turnover-based,Share of Turnover-based KPI substantially contributing to Sustainable Use and Protection of Water and Marine Resources in Percent - Of which Enabling,Taxonomy-aligned and enabling Proportion of Turnover-based KPI substantially contributing to Sustainable Use and Protection of Water and Marine Resources - provided 'do-not-significant harm' (DNSH) and social safeguards positive assessment,Percentage,,,Extended,,,
112,Insurance/Reinsurance,Breakdown of the Numerator of the KPI per Environmental Objective - Turnover-based,Share of Turnover-based KPI substantially contributing to Transition to a Circular Economy in Percent - Aligned,Taxonomy-aligned Proportion of Turnover-based KPI substantially contributing to Circular Economy - provided 'do-not-significant harm' (DNSH) and social safeguards positive assessment,Percentage,,,Extended,,,
113,Insurance/Reinsurance,Breakdown of the Numerator of the KPI per Environmental Objective - Turnover-based,Share of Turnover-based KPI substantially contributing to Transition to a Circular Economy in Percent - Of which Enabling,Taxonomy-aligned and enabling Proportion of Turnover-based KPI substantially contributing to Circular Economy - provided 'do-not-significant harm' (DNSH) and social safeguards positive assessment,Percentage,,,Extended,,,
114,Insurance/Reinsurance,Breakdown of the Numerator of the KPI per Environmental Objective - Turnover-based,Share of Turnover-based KPI substantially contributing to Pollution Prevention and Control in Percent - Aligned,Taxonomy-aligned Proportion of Turnover-based KPI substantially contributing to Pollution Prevention and Control - provided 'do-not-significant harm' (DNSH) and social safeguards positive assessment,Percentage,,,Extended,,,
115,Insurance/Reinsurance,Breakdown of the Numerator of the KPI per Environmental Objective - Turnover-based,Share of Turnover-based KPI substantially contributing to Pollution Prevention and Control in Percent - Of which Enabling,Taxonomy-aligned and enabling Proportion of Turnover-based KPI substantially contributing to Pollution Prevention and Control - provided 'do-not-significant harm' (DNSH) and social safeguards positive assessment,Percentage,,,Extended,,,
116,Insurance/Reinsurance,Breakdown of the Numerator of the KPI per Environmental Objective - Turnover-based,Share of Turnover-based KPI substantially contributing to Protection and Restoration of Biodiversity and Ecosystems in Percent - Aligned,Taxonomy-aligned Proportion of Turnover-based KPI substantially contributing to Protection and Restoration of Biodiversity and Ecosystems - provided 'do-not-significant harm' (DNSH) and social safeguards positive assessment,Percentage,,,Extended,,,
117,Insurance/Reinsurance,Breakdown of the Numerator of the KPI per Environmental Objective - Turnover-based,Share of Turnover-based KPI substantially contributing to Protection and Restoration of Biodiversity and Ecosystems in Percent - Of which Enabling,Taxonomy-aligned and enabling Proportion of Turnover-based KPI substantially contributing to Protection and Restoration of Biodiversity and Ecosystems - provided 'do-not-significant harm' (DNSH) and social safeguards positive assessment,Percentage,,,Extended,,,
118,Insurance/Reinsurance,Breakdown of the Numerator of the KPI per Environmental Objective - CapEx-based,Share of CapEx-based KPI substantially contributing to Climate Change Mitigation in Percent - Aligned,Taxonomy-aligned Proportion of CapEx-based KPI substantially contributing to Climate Change Mitigation - provided 'do-not-significant harm' (DNSH) and social safeguards positive assessment,Percentage,,,Extended,,,
119,Insurance/Reinsurance,Breakdown of the Numerator of the KPI per Environmental Objective - CapEx-based,Share of CapEx-based KPI substantially contributing to Climate Change Mitigation in Percent - Of which Enabling,Taxonomy-aligned and enabling Proportion of CapEx-based KPI substantially contributing to Climate Change Mitigation - provided 'do-not-significant harm' (DNSH) and social safeguards positive assessment,Percentage,,,Extended,,,
120,Insurance/Reinsurance,Breakdown of the Numerator of the KPI per Environmental Objective - CapEx-based,Share of CapEx-based KPI substantially contributing to Climate Change Mitigation in Percent - Of which Transitional,Taxonomy-aligned and transitional Proportion of CapEx-based KPI substantially contributing to Climate Change Mitigation - provided 'do-not-significant harm' (DNSH) and social safeguards positive assessment,Percentage,,,Extended,,,
121,Insurance/Reinsurance,Breakdown of the Numerator of the KPI per Environmental Objective - CapEx-based,Share of CapEx-based KPI substantially contributing to Climate Change Adaptation in Percent - Aligned,Taxonomy-aligned Proportion of CapEx-based KPI substantially contributing to Climate Change Adaptation - provided 'do-not-significant harm' (DNSH) and social safeguards positive assessment,Percentage,,,Extended,,,
122,Insurance/Reinsurance,Breakdown of the Numerator of the KPI per Environmental Objective - CapEx-based,Share of CapEx-based KPI substantially contributing to Climate Change Adaptation in Percent - Of which Enabling,Taxonomy-aligned and enabling Proportion of CapEx-based KPI substantially contributing to Climate Change Adaptation - provided 'do-not-significant harm' (DNSH) and social safeguards positive assessment,Percentage,,,Extended,,,
123,Insurance/Reinsurance,Breakdown of the Numerator of the KPI per Environmental Objective - CapEx-based,Share of CapEx-based KPI substantially contributing to Sustainable Use and Protection of Water and Marine Resources in Percent - Aligned,Taxonomy-aligned Proportion of CapEx-based KPI substantially contributing to Sustainable Use and Protection of Water and Marine Resources - provided 'do-not-significant harm' (DNSH) and social safeguards positive assessment,Percentage,,,Extended,,,
124,Insurance/Reinsurance,Breakdown of the Numerator of the KPI per Environmental Objective - CapEx-based,Share of CapEx-based KPI substantially contributing to Sustainable Use and Protection of Water and Marine Resources in Percent - Of which Enabling,Taxonomy-aligned and enabling Proportion of CapEx-based KPI substantially contributing to Sustainable Use and Protection of Water and Marine Resources - provided 'do-not-significant harm' (DNSH) and social safeguards positive assessment,Percentage,,,Extended,,,
125,Insurance/Reinsurance,Breakdown of the Numerator of the KPI per Environmental Objective - CapEx-based,Share of CapEx-based KPI substantially contributing to Transition to a Circular Economy in Percent - Aligned,Taxonomy-aligned Proportion of CapEx-based KPI substantially contributing to Circular Economy - provided 'do-not-significant harm' (DNSH) and social safeguards positive assessment,Percentage,,,Extended,,,
126,Insurance/Reinsurance,Breakdown of the Numerator of the KPI per Environmental Objective - CapEx-based,Share of CapEx-based KPI substantially contributing to Transition to a Circular Economy in Percent - Of which Enabling,Taxonomy-aligned and enabling Proportion of CapEx-based KPI substantially contributing to Circular Economy - provided 'do-not-significant harm' (DNSH) and social safeguards positive assessment,Percentage,,,Extended,,,
127,Insurance/Reinsurance,Breakdown of the Numerator of the KPI per Environmental Objective - CapEx-based,Share of CapEx-based KPI substantially contributing to Pollution Prevention and Control in Percent - Aligned,Taxonomy-aligned Proportion of CapEx-based KPI substantially contributing to Pollution Prevention and Control - provided 'do-not-significant harm' (DNSH) and social safeguards positive assessment,Percentage,,,Extended,,,
128,Insurance/Reinsurance,Breakdown of the Numerator of the KPI per Environmental Objective - CapEx-based,Share of CapEx-based KPI substantially contributing to Pollution Prevention and Control in Percent - Of which Enabling,Taxonomy-aligned and enabling Proportion of CapEx-based KPI substantially contributing to Pollution Prevention and Control - provided 'do-not-significant harm' (DNSH) and social safeguards positive assessment,Percentage,,,Extended,,,
129,Insurance/Reinsurance,Breakdown of the Numerator of the KPI per Environmental Objective - CapEx-based,Share of CapEx-based KPI substantially contributing to Protection and Restoration of Biodiversity and Ecosystems in Percent - Aligned,Taxonomy-aligned Proportion of CapEx-based KPI substantially contributing to Protection and Restoration of Biodiversity and Ecosystems - provided 'do-not-significant harm' (DNSH) and social safeguards positive assessment,Percentage,,,Extended,,,
130,Insurance/Reinsurance,Breakdown of the Numerator of the KPI per Environmental Objective - CapEx-based,Share of CapEx-based KPI substantially contributing to Protection and Restoration of Biodiversity and Ecosystems in Percent - Of which Enabling,Taxonomy-aligned and enabling Proportion of CapEx-based KPI substantially contributing to Protection and Restoration of Biodiversity and Ecosystems - provided 'do-not-significant harm' (DNSH) and social safeguards positive assessment,Percentage,,,Extended,,,
131,Investment firms,Dealing on own Account Services - Turnover-based,Turnover-based Total Assets invested under Investment Firm's Activities dealing on own Account,Total assets invested under investment firms' activities dealing on own account (as per Section A of Annex I to Directive 2014/65/EU),Currency,"Allowed Range: [0, INF]",,Extended,,,
132,Investment firms,Dealing on own Account Services - Turnover-based,Turnover-based Proportion of Assets substantially contributing to Climate Change Mitigation - Eligible,Taxonomy-aligned Turnover-based Proportion of Total Assets invested under Investment Firms' Activities dealing on own Account (as per Section A of Annex I to Directive 2014/65/EU) substantially contributing to Climate Change Mitigation,Percentage,,,Extended,,,
133,Investment firms,Dealing on own Account Services - Turnover-based,Turnover-based Proportion of Assets substantially contributing to Climate Change Mitigation - Aligned,Taxonomy-aligned Turnover-based Proportion of Total Assets invested under Investment Firms' Activities dealing on own Account (as per Section A of Annex I to Directive 2014/65/EU) substantially contributing to Climate Change Mitigation,Percentage,,,Extended,,,
134,Investment firms,Dealing on own Account Services - Turnover-based,Turnover-based Proportion of Assets substantially contributing to Climate Change Mitigation - Of which Transitional,Taxonomy-aligned and transitional Turnover-based Proportion of Total Assets invested under Investment Firms' Activities dealing on own Account (as per Section A of Annex I to Directive 2014/65/EU) substantially contributing to Climate Change Mitigation,Percentage,,,Extended,,,
135,Investment firms,Dealing on own Account Services - Turnover-based,Turnover-based Proportion of Assets substantially contributing to Climate Change Mitigation - Of which Enabling,Taxonomy-aligned and enabling Turnover-based Proportion of Total Assets invested under Investment Firms' Activities dealing on own Account (as per Section A of Annex I to Directive 2014/65/EU) substantially contributing to Climate Change Mitigation,Percentage,,,Extended,,,
136,Investment firms,Dealing on own Account Services - Turnover-based,Turnover-based Proportion of Assets substantially contributing to Climate Change Adaptation - Eligible,Taxonomy-aligned Turnover-based Proportion of Total Assets invested under Investment Firms' Activities dealing on own Account (as per Section A of Annex I to Directive 2014/65/EU) substantially contributing to Climate Change Adaptation,Percentage,,,Extended,,,
137,Investment firms,Dealing on own Account Services - Turnover-based,Turnover-based Proportion of Assets substantially contributing to Climate Change Adaptation - Aligned,Taxonomy-aligned Turnover-based Proportion of Total Assets invested under Investment Firms' Activities dealing on own Account (as per Section A of Annex I to Directive 2014/65/EU) substantially contributing to Climate Change Adaptation,Percentage,,,Extended,,,
138,Investment firms,Dealing on own Account Services - Turnover-based,Turnover-based Proportion of Assets substantially contributing to Climate Change Adaptation - Of which Enabling,Taxonomy-aligned and enabling Turnover-based Proportion of Total Assets invested under Investment Firms' Activities dealing on own Account (as per Section A of Annex I to Directive 2014/65/EU) substantially contributing to Climate Change Adaptation,Percentage,,,Extended,,,
139,Investment firms,Dealing on own Account Services - Turnover-based,Turnover-based Proportion of Assets substantially contributing to Sustainable Use and Protection of Water and Marine Resources - Eligible,Taxonomy-aligned Turnover-based Proportion of Total Assets invested under Investment Firms' Activities dealing on own Account (as per Section A of Annex I to Directive 2014/65/EU) substantially contributing to Sustainable Use and Protection of Water and Marine Resources,Percentage,,,Extended,,,
140,Investment firms,Dealing on own Account Services - Turnover-based,Turnover-based Proportion of Assets substantially contributing to Sustainable Use and Protection of Water and Marine Resources - Aligned,Taxonomy-aligned Turnover-based Proportion of Total Assets invested under Investment Firms' Activities dealing on own Account (as per Section A of Annex I to Directive 2014/65/EU) substantially contributing to Sustainable Use and Protection of Water and Marine Resources,Percentage,,,Extended,,,
141,Investment firms,Dealing on own Account Services - Turnover-based,Turnover-based Proportion of Assets substantially contributing to Sustainable Use and Protection of Water and Marine Resources - Of which Enabling,Taxonomy-aligned and enabling Turnover-based Proportion of Total Assets invested under Investment Firms' Activities dealing on own Account (as per Section A of Annex I to Directive 2014/65/EU) substantially contributing to Sustainable Use and Protection of Water and Marine Resources,Percentage,,,Extended,,,
142,Investment firms,Dealing on own Account Services - Turnover-based,Turnover-based Proportion of Assets substantially contributing to Circular Economy - Eligible,Taxonomy-aligned Turnover-based Proportion of Total Assets invested under Investment Firms' Activities dealing on own Account (as per Section A of Annex I to Directive 2014/65/EU) substantially contributing to Circular Economy,Percentage,,,Extended,,,
143,Investment firms,Dealing on own Account Services - Turnover-based,Turnover-based Proportion of Assets substantially contributing to Circular Economy - Aligned,Taxonomy-aligned Turnover-based Proportion of Total Assets invested under Investment Firms' Activities dealing on own Account (as per Section A of Annex I to Directive 2014/65/EU) substantially contributing to Circular Economy,Percentage,,,Extended,,,
144,Investment firms,Dealing on own Account Services - Turnover-based,Turnover-based Proportion of Assets substantially contributing to Circular Economy - Of which Enabling,Taxonomy-aligned and enabling Turnover-based Proportion of Total Assets invested under Investment Firms' Activities dealing on own Account (as per Section A of Annex I to Directive 2014/65/EU) substantially contributing to Circular Economy,Percentage,,,Extended,,,
145,Investment firms,Dealing on own Account Services - Turnover-based,Turnover-based Proportion of Assets substantially contributing to Pollution Prevention and Control - Eligible,Taxonomy-aligned Turnover-based Proportion of Total Assets invested under Investment Firms' Activities dealing on own Account (as per Section A of Annex I to Directive 2014/65/EU) substantially contributing to Pollution Prevention and Control,Percentage,,,Extended,,,
146,Investment firms,Dealing on own Account Services - Turnover-based,Turnover-based Proportion of Assets substantially contributing to Pollution Prevention and Control - Aligned,Taxonomy-aligned Turnover-based Proportion of Total Assets invested under Investment Firms' Activities dealing on own Account (as per Section A of Annex I to Directive 2014/65/EU) substantially contributing to Pollution Prevention and Control,Percentage,,,Extended,,,
147,Investment firms,Dealing on own Account Services - Turnover-based,Turnover-based Proportion of Assets substantially contributing to Pollution Prevention and Control - Of which Enabling,Taxonomy-aligned and enabling Turnover-based Proportion of Total Assets invested under Investment Firms' Activities dealing on own Account (as per Section A of Annex I to Directive 2014/65/EU) substantially contributing to Pollution Prevention and Control,Percentage,,,Extended,,,
148,Investment firms,Dealing on own Account Services - Turnover-based,Turnover-based Proportion of Assets substantially contributing to Protection and Restoration of Biodiversity and Ecosystems - Eligible,Taxonomy-aligned Turnover-based Proportion of Total Assets invested under Investment Firms' Activities dealing on own Account (as per Section A of Annex I to Directive 2014/65/EU) substantially contributing to Protection and Restoration of Biodiversity and Ecosystems,Percentage,,,Extended,,,
149,Investment firms,Dealing on own Account Services - Turnover-based,Turnover-based Proportion of Assets substantially contributing to Protection and Restoration of Biodiversity and Ecosystems - Aligned,Taxonomy-aligned Turnover-based Proportion of Total Assets invested under Investment Firms' Activities dealing on own Account (as per Section A of Annex I to Directive 2014/65/EU) substantially contributing to Protection and Restoration of Biodiversity and Ecosystems,Percentage,,,Extended,,,
150,Investment firms,Dealing on own Account Services - Turnover-based,Turnover-based Proportion of Assets substantially contributing to Protection and Restoration of Biodiversity and Ecosystems - Of which Enabling,Taxonomy-aligned and enabling Turnover-based Proportion of Total Assets invested under Investment Firms' Activities dealing on own Account (as per Section A of Annex I to Directive 2014/65/EU) substantially contributing to Protection and Restoration of Biodiversity and Ecosystems,Percentage,,,Extended,,,
151,Investment firms,Dealing on own Account Services - Turnover-based,Turnover-based Proportion of Assets substantially contributing to any of the six Environmental Objectives - Eligible,Taxonomy-aligned Turnover-based Proportion of Total Assets invested under Investment Firms' Activities dealing on own Account (as per Section A of Annex I to Directive 2014/65/EU) substantially contributing to any of the six Environmental Objectives,Percentage,,,Extended,,,
152,Investment firms,Dealing on own Account Services - Turnover-based,Turnover-based Proportion of Assets substantially contributing to any of the six Environmental Objectives - Aligned,Taxonomy-aligned Turnover-based Proportion of Total Assets invested under Investment Firms' Activities dealing on own Account (as per Section A of Annex I to Directive 2014/65/EU) substantially contributing to any of the six Environmental Objectives,Percentage,,,Extended,,,
153,Investment firms,Dealing on own Account Services - Turnover-based,Turnover-based Proportion of Assets substantially contributing to any of the six Environmental Objectives - Of which Transitional,Taxonomy-aligned and transitional Turnover-based Proportion of Total Assets invested under Investment Firms' Activities dealing on own Account (as per Section A of Annex I to Directive 2014/65/EU) substantially contributing to any of the six Environmental Objectives,Percentage,,,Extended,,,
154,Investment firms,Dealing on own Account Services - Turnover-based,Turnover-based Proportion of Assets substantially contributing to any of the six Environmental Objectives - Of which Enabling,Taxonomy-aligned and enabling Turnover-based Proportion of Total Assets invested under Investment Firms' Activities dealing on own Account (as per Section A of Annex I to Directive 2014/65/EU) substantially contributing to any of the six Environmental Objectives,Percentage,,,Extended,,,
155,Investment firms,Dealing on own Account Services - CapEx-based,CapEx-based Total Assets invested under Investment Firm's Activities dealing on own Account,Total assets invested under investment firms' activities dealing on own account (as per Section A of Annex I to Directive 2014/65/EU),Currency,"Allowed Range: [0, INF]",,Extended,,,
156,Investment firms,Dealing on own Account Services - CapEx-based,CapEx-based Proportion of Assets substantially contributing to Climate Change Mitigation - Eligible,Taxonomy-aligned CapEx-based Proportion of Total Assets invested under Investment Firms' Activities dealing on own Account (as per Section A of Annex I to Directive 2014/65/EU) substantially contributing to Climate Change Mitigation,Percentage,,,Extended,,,
157,Investment firms,Dealing on own Account Services - CapEx-based,CapEx-based Proportion of Assets substantially contributing to Climate Change Mitigation - Aligned,Taxonomy-aligned CapEx-based Proportion of Total Assets invested under Investment Firms' Activities dealing on own Account (as per Section A of Annex I to Directive 2014/65/EU) substantially contributing to Climate Change Mitigation,Percentage,,,Extended,,,
158,Investment firms,Dealing on own Account Services - CapEx-based,CapEx-based Proportion of Assets substantially contributing to Climate Change Mitigation - Of which Transitional,Taxonomy-aligned and transitional CapEx-based Proportion of Total Assets invested under Investment Firms' Activities dealing on own Account (as per Section A of Annex I to Directive 2014/65/EU) substantially contributing to Climate Change Mitigation,Percentage,,,Extended,,,
159,Investment firms,Dealing on own Account Services - CapEx-based,CapEx-based Proportion of Assets substantially contributing to Climate Change Mitigation - Of which Enabling,Taxonomy-aligned and enabling CapEx-based Proportion of Total Assets invested under Investment Firms' Activities dealing on own Account (as per Section A of Annex I to Directive 2014/65/EU) substantially contributing to Climate Change Mitigation,Percentage,,,Extended,,,
160,Investment firms,Dealing on own Account Services - CapEx-based,CapEx-based Proportion of Assets substantially contributing to Climate Change Adaptation - Eligible,Taxonomy-aligned CapEx-based Proportion of Total Assets invested under Investment Firms' Activities dealing on own Account (as per Section A of Annex I to Directive 2014/65/EU) substantially contributing to Climate Change Adaptation,Percentage,,,Extended,,,
161,Investment firms,Dealing on own Account Services - CapEx-based,CapEx-based Proportion of Assets substantially contributing to Climate Change Adaptation - Aligned,Taxonomy-aligned CapEx-based Proportion of Total Assets invested under Investment Firms' Activities dealing on own Account (as per Section A of Annex I to Directive 2014/65/EU) substantially contributing to Climate Change Adaptation,Percentage,,,Extended,,,
162,Investment firms,Dealing on own Account Services - CapEx-based,CapEx-based Proportion of Assets substantially contributing to Climate Change Adaptation - Of which Enabling,Taxonomy-aligned and enabling CapEx-based Proportion of Total Assets invested under Investment Firms' Activities dealing on own Account (as per Section A of Annex I to Directive 2014/65/EU) substantially contributing to Climate Change Adaptation,Percentage,,,Extended,,,
163,Investment firms,Dealing on own Account Services - CapEx-based,CapEx-based Proportion of Assets substantially contributing to Sustainable Use and Protection of Water and Marine Resources - Eligible,Taxonomy-aligned CapEx-based Proportion of Total Assets invested under Investment Firms' Activities dealing on own Account (as per Section A of Annex I to Directive 2014/65/EU) substantially contributing to Sustainable Use and Protection of Water and Marine Resources,Percentage,,,Extended,,,
164,Investment firms,Dealing on own Account Services - CapEx-based,CapEx-based Proportion of Assets substantially contributing to Sustainable Use and Protection of Water and Marine Resources - Aligned,Taxonomy-aligned CapEx-based Proportion of Total Assets invested under Investment Firms' Activities dealing on own Account (as per Section A of Annex I to Directive 2014/65/EU) substantially contributing to Sustainable Use and Protection of Water and Marine Resources,Percentage,,,Extended,,,
165,Investment firms,Dealing on own Account Services - CapEx-based,CapEx-based Proportion of Assets substantially contributing to Sustainable Use and Protection of Water and Marine Resources - Of which Enabling,Taxonomy-aligned and enabling CapEx-based Proportion of Total Assets invested under Investment Firms' Activities dealing on own Account (as per Section A of Annex I to Directive 2014/65/EU) substantially contributing to Sustainable Use and Protection of Water and Marine Resources,Percentage,,,Extended,,,
166,Investment firms,Dealing on own Account Services - CapEx-based,CapEx-based Proportion of Assets substantially contributing to Circular Economy - Eligible,Taxonomy-aligned CapEx-based Proportion of Total Assets invested under Investment Firms' Activities dealing on own Account (as per Section A of Annex I to Directive 2014/65/EU) substantially contributing to Circular Economy,Percentage,,,Extended,,,
167,Investment firms,Dealing on own Account Services - CapEx-based,CapEx-based Proportion of Assets substantially contributing to Circular Economy - Aligned,Taxonomy-aligned CapEx-based Proportion of Total Assets invested under Investment Firms' Activities dealing on own Account (as per Section A of Annex I to Directive 2014/65/EU) substantially contributing to Circular Economy,Percentage,,,Extended,,,
168,Investment firms,Dealing on own Account Services - CapEx-based,CapEx-based Proportion of Assets substantially contributing to Circular Economy - Of which Enabling,Taxonomy-aligned and enabling CapEx-based Proportion of Total Assets invested under Investment Firms' Activities dealing on own Account (as per Section A of Annex I to Directive 2014/65/EU) substantially contributing to Circular Economy,Percentage,,,Extended,,,
169,Investment firms,Dealing on own Account Services - CapEx-based,CapEx-based Proportion of Assets substantially contributing to Pollution Prevention and Control - Eligible,Taxonomy-aligned CapEx-based Proportion of Total Assets invested under Investment Firms' Activities dealing on own Account (as per Section A of Annex I to Directive 2014/65/EU) substantially contributing to Pollution Prevention and Control,Percentage,,,Extended,,,
170,Investment firms,Dealing on own Account Services - CapEx-based,CapEx-based Proportion of Assets substantially contributing to Pollution Prevention and Control - Aligned,Taxonomy-aligned CapEx-based Proportion of Total Assets invested under Investment Firms' Activities dealing on own Account (as per Section A of Annex I to Directive 2014/65/EU) substantially contributing to Pollution Prevention and Control,Percentage,,,Extended,,,
171,Investment firms,Dealing on own Account Services - CapEx-based,CapEx-based Proportion of Assets substantially contributing to Pollution Prevention and Control - Of which Enabling,Taxonomy-aligned and enabling CapEx-based Proportion of Total Assets invested under Investment Firms' Activities dealing on own Account (as per Section A of Annex I to Directive 2014/65/EU) substantially contributing to Pollution Prevention and Control,Percentage,,,Extended,,,
172,Investment firms,Dealing on own Account Services - CapEx-based,CapEx-based Proportion of Assets substantially contributing to Protection and Restoration of Biodiversity and Ecosystems - Eligible,Taxonomy-aligned CapEx-based Proportion of Total Assets invested under Investment Firms' Activities dealing on own Account (as per Section A of Annex I to Directive 2014/65/EU) substantially contributing to Protection and Restoration of Biodiversity and Ecosystems,Percentage,,,Extended,,,
173,Investment firms,Dealing on own Account Services - CapEx-based,CapEx-based Proportion of Assets substantially contributing to Protection and Restoration of Biodiversity and Ecosystems - Aligned,Taxonomy-aligned CapEx-based Proportion of Total Assets invested under Investment Firms' Activities dealing on own Account (as per Section A of Annex I to Directive 2014/65/EU) substantially contributing to Protection and Restoration of Biodiversity and Ecosystems,Percentage,,,Extended,,,
174,Investment firms,Dealing on own Account Services - CapEx-based,CapEx-based Proportion of Assets substantially contributing to Protection and Restoration of Biodiversity and Ecosystems - Of which Enabling,Taxonomy-aligned and enabling CapEx-based Proportion of Total Assets invested under Investment Firms' Activities dealing on own Account (as per Section A of Annex I to Directive 2014/65/EU) substantially contributing to Protection and Restoration of Biodiversity and Ecosystems,Percentage,,,Extended,,,
175,Investment firms,Dealing on own Account Services - CapEx-based,CapEx-based Proportion of Assets substantially contributing to any of the six Environmental Objectives - Eligible,Taxonomy-aligned CapEx-based Proportion of Total Assets invested under Investment Firms' Activities dealing on own Account (as per Section A of Annex I to Directive 2014/65/EU) substantially contributing to any of the six Environmental Objectives,Percentage,,,Extended,,,
176,Investment firms,Dealing on own Account Services - CapEx-based,CapEx-based Proportion of Assets substantially contributing to any of the six Environmental Objectives - Aligned,Taxonomy-aligned CapEx-based Proportion of Total Assets invested under Investment Firms' Activities dealing on own Account (as per Section A of Annex I to Directive 2014/65/EU) substantially contributing to any of the six Environmental Objectives,Percentage,,,Extended,,,
177,Investment firms,Dealing on own Account Services - CapEx-based,CapEx-based Proportion of Assets substantially contributing to any of the six Environmental Objectives - Of which Transitional,Taxonomy-aligned and transitional CapEx-based Proportion of Total Assets invested under Investment Firms' Activities dealing on own Account (as per Section A of Annex I to Directive 2014/65/EU) substantially contributing to any of the six Environmental Objectives,Percentage,,,Extended,,,
178,Investment firms,Dealing on own Account Services - CapEx-based,CapEx-based Proportion of Assets substantially contributing to any of the six Environmental Objectives - Of which Enabling,Taxonomy-aligned and enabling CapEx-based Proportion of Total Assets invested under Investment Firms' Activities dealing on own Account (as per Section A of Annex I to Directive 2014/65/EU) substantially contributing to any of the six Environmental Objectives,Percentage,,,Extended,,,
179,Investment firms,Other Services - Turnover-based,Turnover-based Total Revenue from Investments and Services and Activities other than Dealing on own Account,"Total Revenue (i.e. fees, commissions and other monetary benefits) from investment and services and activities other than dealing on own account (as per Section A of Annex I to Directive 2014/65/EU)",Currency,"Allowed Range: [0, INF]",,Extended,,,
180,Investment firms,Other Services - Turnover-based,Turnover-based Proportion of Revenue substantially contributing to Climate Change Mitigation - Eligible,"Taxonomy-aligned Turnover-based Proportion of Revenue (Fees, Commissions and other Monetary Services) from Investments and Services and Activities substantially contributing to Climate Change Mitigation",Percentage,,,Extended,,,
181,Investment firms,Other Services - Turnover-based,Turnover-based Proportion of Revenue substantially contributing to Climate Change Mitigation - Aligned,"Taxonomy-aligned Turnover-based Proportion of Revenue (Fees, Commissions and other Monetary Services) from Investments and Services and Activities substantially contributing to Climate Change Mitigation",Percentage,,,Extended,,,
182,Investment firms,Other Services - Turnover-based,Turnover-based Proportion of Revenue substantially contributing to Climate Change Mitigation - Of which Transitional,"Taxonomy-aligned and transitional Turnover-based Proportion of Revenue (Fees, Commissions and other Monetary Services) from Investments and Services and Activities substantially contributing to Climate Change Mitigation",Percentage,,,Extended,,,
183,Investment firms,Other Services - Turnover-based,Turnover-based Proportion of Revenue substantially contributing to Climate Change Mitigation - Of which Enabling,"Taxonomy-aligned and enabling Turnover-based Proportion of Revenue (Fees, Commissions and other Monetary Services) from Investments and Services and Activities substantially contributing to Climate Change Mitigation",Percentage,,,Extended,,,
184,Investment firms,Other Services - Turnover-based,Turnover-based Proportion of Revenue substantially contributing to Climate Change Adaptation - Eligible,"Taxonomy-aligned Turnover-based Proportion of Revenue (Fees, Commissions and other Monetary Services) from Investments and Services and Activities substantially contributing to Climate Change Adaptation",Percentage,,,Extended,,,
185,Investment firms,Other Services - Turnover-based,Turnover-based Proportion of Revenue substantially contributing to Climate Change Adaptation - Aligned,"Taxonomy-aligned Turnover-based Proportion of Revenue (Fees, Commissions and other Monetary Services) from Investments and Services and Activities substantially contributing to Climate Change Adaptation",Percentage,,,Extended,,,
186,Investment firms,Other Services - Turnover-based,Turnover-based Proportion of Revenue substantially contributing to Climate Change Adaptation - Of which Enabling,"Taxonomy-aligned and enabling Turnover-based Proportion of Revenue (Fees, Commissions and other Monetary Services) from Investments and Services and Activities substantially contributing to Climate Change Adaptation",Percentage,,,Extended,,,
187,Investment firms,Other Services - Turnover-based,Turnover-based Proportion of Revenue substantially contributing to Sustainable Use and Protection of Water and Marine Resources - Eligible,"Taxonomy-aligned Turnover-based Proportion of Revenue (Fees, Commissions and other Monetary Services) from Investments and Services and Activities substantially contributing to Sustainable Use and Protection of Water and Marine Resources",Percentage,,,Extended,,,
188,Investment firms,Other Services - Turnover-based,Turnover-based Proportion of Revenue substantially contributing to Sustainable Use and Protection of Water and Marine Resources - Aligned,"Taxonomy-aligned Turnover-based Proportion of Revenue (Fees, Commissions and other Monetary Services) from Investments and Services and Activities substantially contributing to Sustainable Use and Protection of Water and Marine Resources",Percentage,,,Extended,,,
189,Investment firms,Other Services - Turnover-based,Turnover-based Proportion of Revenue substantially contributing to Sustainable Use and Protection of Water and Marine Resources - Of which Enabling,"Taxonomy-aligned and enabling Turnover-based Proportion of Revenue (Fees, Commissions and other Monetary Services) from Investments and Services and Activities substantially contributing to Sustainable Use and Protection of Water and Marine Resources",Percentage,,,Extended,,,
190,Investment firms,Other Services - Turnover-based,Turnover-based Proportion of Revenue substantially contributing to Circular Economy - Eligible,"Taxonomy-aligned Turnover-based Proportion of Revenue (Fees, Commissions and other Monetary Services) from Investments and Services and Activities substantially contributing to Circular Economy",Percentage,,,Extended,,,
191,Investment firms,Other Services - Turnover-based,Turnover-based Proportion of Revenue substantially contributing to Circular Economy - Aligned,"Taxonomy-aligned Turnover-based Proportion of Revenue (Fees, Commissions and other Monetary Services) from Investments and Services and Activities substantially contributing to Circular Economy",Percentage,,,Extended,,,
192,Investment firms,Other Services - Turnover-based,Turnover-based Proportion of Revenue substantially contributing to Circular Economy - Of which Enabling,"Taxonomy-aligned and enabling Turnover-based Proportion of Revenue (Fees, Commissions and other Monetary Services) from Investments and Services and Activities substantially contributing to Circular Economy",Percentage,,,Extended,,,
193,Investment firms,Other Services - Turnover-based,Turnover-based Proportion of Revenue substantially contributing to Pollution Prevention and Control - Eligible,"Taxonomy-aligned Turnover-based Proportion of Revenue (Fees, Commissions and other Monetary Services) from Investments and Services and Activities substantially contributing to Pollution Prevention and Control",Percentage,,,Extended,,,
194,Investment firms,Other Services - Turnover-based,Turnover-based Proportion of Revenue substantially contributing to Pollution Prevention and Control - Aligned,"Taxonomy-aligned Turnover-based Proportion of Revenue (Fees, Commissions and other Monetary Services) from Investments and Services and Activities substantially contributing to Pollution Prevention and Control",Percentage,,,Extended,,,
195,Investment firms,Other Services - Turnover-based,Turnover-based Proportion of Revenue substantially contributing to Pollution Prevention and Control - Of which Enabling,"Taxonomy-aligned and enabling Turnover-based Proportion of Revenue (Fees, Commissions and other Monetary Services) from Investments and Services and Activities substantially contributing to Pollution Prevention and Control",Percentage,,,Extended,,,
196,Investment firms,Other Services - Turnover-based,Turnover-based Proportion of Revenue substantially contributing to Protection and Restoration of Biodiversity and Ecosystems - Eligible,"Taxonomy-aligned Turnover-based Proportion of Revenue (Fees, Commissions and other Monetary Services) from Investments and Services and Activities substantially contributing to Protection and Restoration of Biodiversity and Ecosystems",Percentage,,,Extended,,,
197,Investment firms,Other Services - Turnover-based,Turnover-based Proportion of Revenue substantially contributing to Protection and Restoration of Biodiversity and Ecosystems - Aligned,"Taxonomy-aligned Turnover-based Proportion of Revenue (Fees, Commissions and other Monetary Services) from Investments and Services and Activities substantially contributing to Protection and Restoration of Biodiversity and Ecosystems",Percentage,,,Extended,,,
198,Investment firms,Other Services - Turnover-based,Turnover-based Proportion of Revenue substantially contributing to Protection and Restoration of Biodiversity and Ecosystems - Of which Enabling,"Taxonomy-aligned and enabling Turnover-based Proportion of Revenue (Fees, Commissions and other Monetary Services) from Investments and Services and Activities substantially contributing to Protection and Restoration of Biodiversity and Ecosystems",Percentage,,,Extended,,,
199,Investment firms,Other Services - Turnover-based,Turnover-based Proportion of Revenue substantially contributing to any of the six Environmental Objectives - Eligible,"Taxonomy-aligned Turnover-based Proportion of Revenue (Fees, Commissions and other Monetary Services) from Investments and Services and Activities substantially contributing to any of the six Environmental Objectives",Percentage,,,Extended,,,
200,Investment firms,Other Services - Turnover-based,Turnover-based Proportion of Revenue substantially contributing to any of the six Environmental Objectives - Aligned,"Taxonomy-aligned Turnover-based Proportion of Revenue (Fees, Commissions and other Monetary Services) from Investments and Services and Activities substantially contributing to any of the six Environmental Objectives",Percentage,,,Extended,,,
201,Investment firms,Other Services - Turnover-based,Turnover-based Proportion of Revenue substantially contributing to any of the six Environmental Objectives - Of which Transitional,"Taxonomy-aligned and transitional Turnover-based Proportion of Revenue (Fees, Commissions and other Monetary Services) from Investments and Services and Activities substantially contributing to any of the six Environmental Objectives",Percentage,,,Extended,,,
202,Investment firms,Other Services - Turnover-based,Turnover-based Proportion of Revenue substantially contributing to any of the six Environmental Objectives - Of which Enabling,"Taxonomy-aligned and enabling Turnover-based Proportion of Revenue (Fees, Commissions and other Monetary Services) from Investments and Services and Activities substantially contributing to any of the six Environmental Objectives",Percentage,,,Extended,,,
203,Investment firms,Other Services - CapEx-based,CapEx-based Total Revenue from Investments and Services and Activities other than Dealing on own Account,Total assets invested under investment firms' activities Other Services (as per Section A of Annex I to Directive 2014/65/EU),Currency,"Allowed Range: [0, INF]",,Extended,,,
204,Investment firms,Other Services - CapEx-based,CapEx-based Proportion of Revenue substantially contributing to Climate Change Mitigation - Eligible,"Taxonomy-aligned CapEx-based Proportion of Revenue (Fees, Commissions and other Monetary Services) from Investments and Services and Activities substantially contributing to Climate Change Mitigation",Percentage,,,Extended,,,
205,Investment firms,Other Services - CapEx-based,CapEx-based Proportion of Revenue substantially contributing to Climate Change Mitigation - Aligned,"Taxonomy-aligned CapEx-based Proportion of Revenue (Fees, Commissions and other Monetary Services) from Investments and Services and Activities substantially contributing to Climate Change Mitigation",Percentage,,,Extended,,,
206,Investment firms,Other Services - CapEx-based,CapEx-based Proportion of Revenue substantially contributing to Climate Change Mitigation - Of which Transitional,"Taxonomy-aligned and transitional CapEx-based Proportion of Revenue (Fees, Commissions and other Monetary Services) from Investments and Services and Activities substantially contributing to Climate Change Mitigation",Percentage,,,Extended,,,
207,Investment firms,Other Services - CapEx-based,CapEx-based Proportion of Revenue substantially contributing to Climate Change Mitigation - Of which Enabling,"Taxonomy-aligned and enabling CapEx-based Proportion of Revenue (Fees, Commissions and other Monetary Services) from Investments and Services and Activities substantially contributing to Climate Change Mitigation",Percentage,,,Extended,,,
208,Investment firms,Other Services - CapEx-based,CapEx-based Proportion of Revenue substantially contributing to Climate Change Adaptation - Eligible,"Taxonomy-aligned CapEx-based Proportion of Revenue (Fees, Commissions and other Monetary Services) from Investments and Services and Activities substantially contributing to Climate Change Adaptation",Percentage,,,Extended,,,
209,Investment firms,Other Services - CapEx-based,CapEx-based Proportion of Revenue substantially contributing to Climate Change Adaptation - Aligned,"Taxonomy-aligned CapEx-based Proportion of Revenue (Fees, Commissions and other Monetary Services) from Investments and Services and Activities substantially contributing to Climate Change Adaptation",Percentage,,,Extended,,,
210,Investment firms,Other Services - CapEx-based,CapEx-based Proportion of Revenue substantially contributing to Climate Change Adaptation - Of which Enabling,"Taxonomy-aligned and enabling CapEx-based Proportion of Revenue (Fees, Commissions and other Monetary Services) from Investments and Services and Activities substantially contributing to Climate Change Adaptation",Percentage,,,Extended,,,
211,Investment firms,Other Services - CapEx-based,CapEx-based Proportion of Revenue substantially contributing to Sustainable Use and Protection of Water and Marine Resources - Eligible,"Taxonomy-aligned CapEx-based Proportion of Revenue (Fees, Commissions and other Monetary Services) from Investments and Services and Activities substantially contributing to Sustainable Use and Protection of Water and Marine Resources",Percentage,,,Extended,,,
212,Investment firms,Other Services - CapEx-based,CapEx-based Proportion of Revenue substantially contributing to Sustainable Use and Protection of Water and Marine Resources - Aligned,"Taxonomy-aligned CapEx-based Proportion of Revenue (Fees, Commissions and other Monetary Services) from Investments and Services and Activities substantially contributing to Sustainable Use and Protection of Water and Marine Resources",Percentage,,,Extended,,,
213,Investment firms,Other Services - CapEx-based,CapEx-based Proportion of Revenue substantially contributing to Sustainable Use and Protection of Water and Marine Resources - Of which Enabling,"Taxonomy-aligned and enabling CapEx-based Proportion of Revenue (Fees, Commissions and other Monetary Services) from Investments and Services and Activities substantially contributing to Sustainable Use and Protection of Water and Marine Resources",Percentage,,,Extended,,,
214,Investment firms,Other Services - CapEx-based,CapEx-based Proportion of Revenue substantially contributing to Circular Economy - Eligible,"Taxonomy-aligned CapEx-based Proportion of Revenue (Fees, Commissions and other Monetary Services) from Investments and Services and Activities substantially contributing to Circular Economy",Percentage,,,Extended,,,
215,Investment firms,Other Services - CapEx-based,CapEx-based Proportion of Revenue substantially contributing to Circular Economy - Aligned,"Taxonomy-aligned CapEx-based Proportion of Revenue (Fees, Commissions and other Monetary Services) from Investments and Services and Activities substantially contributing to Circular Economy",Percentage,,,Extended,,,
216,Investment firms,Other Services - CapEx-based,CapEx-based Proportion of Revenue substantially contributing to Circular Economy - Of which Enabling,"Taxonomy-aligned and enabling CapEx-based Proportion of Revenue (Fees, Commissions and other Monetary Services) from Investments and Services and Activities substantially contributing to Circular Economy",Percentage,,,Extended,,,
217,Investment firms,Other Services - CapEx-based,CapEx-based Proportion of Revenue substantially contributing to Pollution Prevention and Control - Eligible,"Taxonomy-aligned CapEx-based Proportion of Revenue (Fees, Commissions and other Monetary Services) from Investments and Services and Activities substantially contributing to Pollution Prevention and Control",Percentage,,,Extended,,,
218,Investment firms,Other Services - CapEx-based,CapEx-based Proportion of Revenue substantially contributing to Pollution Prevention and Control - Aligned,"Taxonomy-aligned CapEx-based Proportion of Revenue (Fees, Commissions and other Monetary Services) from Investments and Services and Activities substantially contributing to Pollution Prevention and Control",Percentage,,,Extended,,,
219,Investment firms,Other Services - CapEx-based,CapEx-based Proportion of Revenue substantially contributing to Pollution Prevention and Control - Of which Enabling,"Taxonomy-aligned and enabling CapEx-based Proportion of Revenue (Fees, Commissions and other Monetary Services) from Investments and Services and Activities substantially contributing to Pollution Prevention and Control",Percentage,,,Extended,,,
220,Investment firms,Other Services - CapEx-based,CapEx-based Proportion of Revenue substantially contributing to Protection and Restoration of Biodiversity and Ecosystems - Eligible,"Taxonomy-aligned CapEx-based Proportion of Revenue (Fees, Commissions and other Monetary Services) from Investments and Services and Activities substantially contributing to Protection and Restoration of Biodiversity and Ecosystems",Percentage,,,Extended,,,
221,Investment firms,Other Services - CapEx-based,CapEx-based Proportion of Revenue substantially contributing to Protection and Restoration of Biodiversity and Ecosystems - Aligned,"Taxonomy-aligned CapEx-based Proportion of Revenue (Fees, Commissions and other Monetary Services) from Investments and Services and Activities substantially contributing to Protection and Restoration of Biodiversity and Ecosystems",Percentage,,,Extended,,,
222,Investment firms,Other Services - CapEx-based,CapEx-based Proportion of Revenue substantially contributing to Protection and Restoration of Biodiversity and Ecosystems - Of which Enabling,"Taxonomy-aligned and enabling CapEx-based Proportion of Revenue (Fees, Commissions and other Monetary Services) from Investments and Services and Activities substantially contributing to Protection and Restoration of Biodiversity and Ecosystems",Percentage,,,Extended,,,
223,Investment firms,Other Services - CapEx-based,CapEx-based Proportion of Revenue substantially contributing to any of the six Environmental Objectives - Eligible,"Taxonomy-aligned CapEx-based Proportion of Revenue (Fees, Commissions and other Monetary Services) from Investments and Services and Activities substantially contributing to any of the six Environmental Objectives",Percentage,,,Extended,,,
224,Investment firms,Other Services - CapEx-based,CapEx-based Proportion of Revenue substantially contributing to any of the six Environmental Objectives - Aligned,"Taxonomy-aligned CapEx-based Proportion of Revenue (Fees, Commissions and other Monetary Services) from Investments and Services and Activities substantially contributing to any of the six Environmental Objectives",Percentage,,,Extended,,,
225,Investment firms,Other Services - CapEx-based,CapEx-based Proportion of Revenue substantially contributing to any of the six Environmental Objectives - Of which Transitional,"Taxonomy-aligned and transitional CapEx-based Proportion of Revenue (Fees, Commissions and other Monetary Services) from Investments and Services and Activities substantially contributing to any of the six Environmental Objectives",Percentage,,,Extended,,,
226,Investment firms,Other Services - CapEx-based,CapEx-based Proportion of Revenue substantially contributing to any of the six Environmental Objectives - Of which Enabling,"Taxonomy-aligned and enabling CapEx-based Proportion of Revenue (Fees, Commissions and other Monetary Services) from Investments and Services and Activities substantially contributing to any of the six Environmental Objectives",Percentage,,,Extended,,,
